ward,blockgroup,bedrooms,pct.of.blockgroup,pct.of.ward
0001,550790002011,434,1,0.45588235294117646
0001,550790002012,518,0.9942418426103646,0.5441176470588235
0002,550790002013,1,1,1
0003,550790001011,428,1,0.45100105374077976
0003,550790001012,521,1,0.5489989462592202
0004,550790001013,24,1,0.08759124087591241
0004,550790001014,128,1,0.46715328467153283
0004,550790001022,6,0.004694835680751174,0.021897810218978103
0004,550790001023,116,1,0.4233576642335766
0005,550790001021,32,1,0.06852248394004283
0005,550790001022,435,0.3403755868544601,0.9314775160599572
0006,550790002012,1,0.0019193857965451055,4.2176296921130323e-4
0006,550790002021,756,0.37095191364082436,0.3188528047237453
0006,550790002022,1162,1,0.49008857022353436
0006,550790002023,452,0.2908622908622909,0.19063686208350908
0007,550790002012,2,0.003838771593090211,0.001557632398753894
0007,550790002021,1282,0.6290480863591756,0.9984423676012462
0008,550790002023,1102,0.7091377091377091,0.47561501942166595
0008,550790003021,82,0.047180667433831994,0.035390591281829954
0008,550790003041,1133,1,0.4889943892965041
0009,550790001022,837,0.6549295774647887,0.6246268656716418
0009,550790003042,503,0.19176515440335493,0.3753731343283582
0010,550790003042,1084,0.4132672512390393,0.46226012793176974
0010,550790006003,1261,1,0.5377398720682303
0011,550790003042,545,0.2077773541746092,0.2684729064039409
0011,550790006001,409,1,0.20147783251231527
0011,550790006002,1076,1,0.5300492610837438
0012,550790006004,1799,1,1
0013,550790006005,664,1,0.6845360824742268
0013,550790007003,47,0.4519230769230769,0.04845360824742268
0013,550790008001,15,0.013914656771799629,0.015463917525773196
0013,550790008002,244,0.08827785817655572,0.2515463917525773
0014,550790007003,37,0.3557692307692308,1
0015,550790007001,822,1,0.5102420856610801
0015,550790007002,769,1,0.47734326505276226
0015,550790007003,20,0.19230769230769232,0.012414649286157667
0016,550790008001,213,0.19758812615955473,0.10607569721115538
0016,550790008002,1754,0.6345875542691751,0.8735059760956175
0016,550790011001,41,0.03810408921933085,0.02041832669322709
0017,550790008001,849,0.787569573283859,0.6622464898595943
0017,550790008002,385,0.13929088277858176,0.3003120124804992
0017,550790011001,48,0.04460966542750929,0.0374414976599064
0018,550790009001,1390,1,1
0019,550790008001,1,9.276437847866419e-4,8.561643835616438e-4
0019,550790008002,381,0.13784370477568741,0.3261986301369863
0019,550790009002,786,0.9974619289340102,0.672945205479452
0020,550790009002,2,0.0025380710659898475,0.0011331444759206798
0020,550790010001,306,0.6637744034707158,0.173371104815864
0020,550790010002,822,1,0.46572237960339946
0020,550790010003,635,0.6539649845520082,0.3597733711048159
0021,550790011001,986,0.9163568773234201,0.9919517102615694
0021,550790011003,8,0.014760147601476014,0.008048289738430584
0022,550790010003,336,0.34603501544799176,0.18855218855218855
0022,550790010004,912,1,0.5117845117845118
0022,550790011003,534,0.985239852398524,0.2996632996632997
0023,550790011001,1,9.293680297397769e-4,0.0010787486515641855
0023,550790012001,736,0.9509043927648578,0.7939590075512406
0023,550790012002,190,0.2765647743813683,0.20496224379719524
0024,550790012001,38,0.04909560723514212,0.03881511746680286
0024,550790012002,497,0.7234352256186317,0.5076608784473953
0024,550790012003,444,1,0.45352400408580185
0025,550790013001,783,0.9583843329253366,0.4325966850828729
0025,550790013002,1027,1,0.567403314917127
0026,550790013001,34,0.0416156670746634,0.01979045401629802
0026,550790013003,939,1,0.5465657741559954
0026,550790013004,745,1,0.43364377182770664
0027,550790015001,1102,0.99909338168631,0.7298013245033113
0027,550790015002,408,0.6306027820710973,0.27019867549668874
0028,550790014001,262,1,1
0029,550790014002,386,0.5019505851755527,1
0030,550790014002,383,0.4980494148244473,0.2964396284829721
0030,550790015001,1,9.066183136899365e-4,0.00077399380804953565
0030,550790015002,239,0.3693972179289026,0.184984520123839
0030,550790015003,669,1,0.5178018575851393
0031,550790005022,1367,1,1
0032,550790003021,970,0.5581127733026467,0.34929780338494776
0032,550790003032,706,0.8059360730593608,0.2542311847317249
0032,550790003042,491,0.18719024018299657,0.17680950666186532
0032,550790005021,610,1,0.21966150522146202
0033,550790003011,1308,1,0.3534179951364496
0033,550790003021,686,0.3947065592635213,0.18535530937584438
0033,550790003031,1035,1,0.27965414752769524
0033,550790003032,170,0.19406392694063926,0.04593353147797893
0033,550790005011,502,0.963531669865643,0.1356390164820319
0034,550790004001,850,1,0.619533527696793
0034,550790004002,85,1,0.0619533527696793
0034,550790005012,437,0.22318692543411645,0.3185131195335277
0035,550790005011,19,0.036468330134357005,0.010526315789473684
0035,550790005012,1521,0.7768130745658836,0.8426592797783934
0035,550790005013,265,0.8054711246200608,0.14681440443213298
0036,550790005013,64,0.1945288753799392,0.06293018682399214
0036,550790017003,3,0.00641025641025641,0.0029498525073746312
0036,550790017004,699,1,0.6873156342182891
0036,550790017005,251,0.6019184652278178,0.24680432645034414
0037,550790005023,188,1,0.2865853658536585
0037,550790016002,468,0.7684729064039408,0.7134146341463414
0038,550790017001,27,0.02601156069364162,0.041033434650455926
0038,550790017003,465,0.9935897435897436,0.7066869300911854
0038,550790017005,166,0.3980815347721823,0.25227963525835867
0039,550790017001,1011,0.9739884393063584,0.6194852941176471
0039,550790017002,621,1,0.3805147058823529
0040,550790016001,908,1,0.86558627264061
0040,550790016002,141,0.2315270935960591,0.1344137273593899
0041,550790018002,730,1,0.5619707467282525
0041,550790018003,569,1,0.4380292532717475
0042,550790030003,796,0.796,0.4270386266094421
0042,550790030004,1068,1,0.572961373390558
0043,550790018001,517,1,1
0044,550790030001,908,1,0.4741514360313316
0044,550790030002,803,1,0.41932114882506527
0044,550790030003,204,0.204,0.10652741514360313
0045,550790019001,300,0.351288056206089,0.18975332068311196
0045,550790019002,413,0.45185995623632386,0.2612270714737508
0045,550790019003,679,1,0.42947501581277675
0045,550790019004,189,1,0.11954459203036052
0046,550790029002,1213,1,1
0047,550790028001,867,1,0.4116809116809117
0047,550790028002,334,0.3142050799623706,0.15859449192782527
0047,550790029001,905,1,0.42972459639126304
0048,550790019001,554,0.6487119437939111,0.5251184834123223
0048,550790019002,501,0.5481400437636762,0.47488151658767774
0049,550790020001,72,0.08823529411764706,0.061696658097686374
0049,550790020002,287,0.5627450980392157,0.24592973436161097
0049,550790020003,808,1,0.6923736075407027
0050,550790025003,480,0.6751054852320675,0.3970223325062035
0050,550790028002,729,0.6857949200376293,0.6029776674937966
0051,550790024003,40,0.06837606837606838,0.032706459525756335
0051,550790025001,612,1,0.5004088307440719
0051,550790025002,340,0.815347721822542,0.27800490596892885
0051,550790025003,231,0.32489451476793246,0.18887980376124286
0052,550790020001,744,0.9117647058823529,0.3864935064935065
0052,550790020002,223,0.4372549019607843,0.11584415584415585
0052,550790021002,283,0.4700996677740864,0.147012987012987
0052,550790021003,675,1,0.35064935064935066
0053,550790021001,428,0.6140602582496413,0.5729585006693441
0053,550790021002,319,0.5299003322259136,0.42704149933065594
0054,550790024001,320,0.5289256198347108,0.33970276008492567
0054,550790024003,545,0.9316239316239316,0.578556263269639
0054,550790025002,77,0.18465227817745802,0.08174097664543524
0055,550790010001,155,0.3362255965292842,0.06534569983136594
0055,550790021001,269,0.38593974175035867,0.11340640809443507
0055,550790022001,729,1,0.3073355817875211
0055,550790022002,1219,1,0.5139123102866779
0056,550790023001,331,0.5498338870431894,0.402676399026764
0056,550790023005,491,1,0.597323600973236
0057,550790023001,270,0.4485049833887043,0.17763157894736842
0057,550790023002,301,0.3006993006993007,0.1980263157894737
0057,550790023003,663,0.6525590551181102,0.4361842105263158
0057,550790023004,286,1,0.1881578947368421
0058,550790023002,700,0.6993006993006993,0.523168908819133
0058,550790023003,197,0.19389763779527558,0.14723467862481315
0058,550790043001,270,0.4433497536945813,0.20179372197309417
0058,550790043005,171,0.27986906710310966,0.12780269058295965
0059,550790023001,1,0.0016611295681063123,3.6231884057971015e-4
0059,550790043001,339,0.5566502463054187,0.12282608695652174
0059,550790043002,551,0.6311569301260023,0.1996376811594203
0059,550790043003,1030,1,0.37318840579710144
0059,550790043004,839,1,0.3039855072463768
0060,550790042002,505,0.6627296587926509,0.3105781057810578
0060,550790042003,144,0.3436754176610978,0.08856088560885608
0060,550790043005,440,0.7201309328968903,0.27060270602706027
0060,550790043006,8,0.011034482758620689,0.004920049200492005
0060,550790043007,529,1,0.3253382533825338
0061,550790042001,393,0.8891402714932126,0.28812316715542524
0061,550790042002,257,0.33727034120734906,0.18841642228739003
0061,550790042003,275,0.6563245823389021,0.20161290322580644
0061,550790042004,132,0.1820689655172414,0.0967741935483871
0061,550790043006,307,0.42344827586206896,0.2250733137829912
0062,550790023003,156,0.15354330708661418,0.1422060164083865
0062,550790024001,65,0.10743801652892562,0.059252506836827715
0062,550790024002,238,0.4272890484739677,0.21695533272561532
0062,550790042001,49,0.11085972850678733,0.044667274384685506
0062,550790042004,179,0.24689655172413794,0.16317228805834094
0062,550790043006,410,0.5655172413793104,0.37374658158614404
0063,550790024001,220,0.36363636363636365,0.1967799642218247
0063,550790024002,218,0.39138240574506283,0.19499105545617174
0063,550790041001,266,0.4767025089605735,0.23792486583184258
0063,550790042004,414,0.5710344827586207,0.370304114490161
0064,550790024002,101,0.1813285457809695,0.03562610229276896
0064,550790026001,797,1,0.28112874779541447
0064,550790026002,1234,1,0.43527336860670196
0064,550790026003,625,1,0.2204585537918871
0064,550790041001,78,0.13978494623655913,0.027513227513227514
0065,550790041001,214,0.3835125448028674,0.1054706752094628
0065,550790041002,603,1,0.29719073435189747
0065,550790041003,1212,1,0.5973385904386397
0066,550790040002,79,1,0.13435374149659865
0066,550790040003,509,0.6095808383233533,0.8656462585034014
0067,550790027001,956,1,0.7071005917159763
0067,550790027002,396,0.391304347826087,0.29289940828402367
0068,550790027002,616,0.6086956521739131,0.26817588158467565
0068,550790031001,883,1,0.3844144536351763
0068,550790031002,798,0.9987484355444305,0.347409664780148
0069,550790036001,765,0.7334611697027804,0.40583554376657827
0069,550790040001,794,1,0.42122015915119365
0069,550790040003,326,0.3904191616766467,0.1729442970822281
0070,550790031002,1,0.0012515644555694619,4.149377593360996e-4
0070,550790035001,757,1,0.3141078838174274
0070,550790035002,697,0.5531746031746032,0.28921161825726144
0070,550790036001,24,0.023010546500479387,0.00995850622406639
0070,550790036002,673,0.8695090439276486,0.27925311203319503
0070,550790051001,258,0.2328519855595668,0.10705394190871369
0071,550790031003,794,0.8961625282167043,0.5603387438249824
0071,550790031004,622,0.6673819742489271,0.4389555398729711
0071,550790032001,1,9.643201542912247e-4,7.057163020465773e-4
0072,550790031003,92,0.1038374717832957,0.04693877551020408
0072,550790031004,310,0.33261802575107297,0.15816326530612246
0072,550790032001,781,0.7531340405014465,0.39846938775510204
0072,550790032002,361,0.38692390139335475,0.18418367346938774
0072,550790035002,340,0.2698412698412698,0.17346938775510204
0072,550790035003,76,0.09245742092457421,0.03877551020408163
0073,550790032001,255,0.2459016393442623,0.12457254518808011
0073,550790032002,572,0.6130760986066452,0.2794333170493405
0073,550790032003,847,1,0.4137762579384465
0073,550790035003,163,0.19829683698296838,0.07962872496336101
0073,550790035004,210,0.31203566121842496,0.10258915486077186
0074,550790035002,223,0.176984126984127,0.17572892040977148
0074,550790035003,583,0.7092457420924574,0.4594168636721828
0074,550790035004,463,0.687964338781575,0.36485421591804573
0075,550790034001,1222,0.9092261904761905,0.8759856630824373
0075,550790034002,173,0.15082824760244115,0.12401433691756272
0076,550790033001,804,1,0.6784810126582278
0076,550790033002,259,0.33462532299741604,0.21856540084388185
0076,550790034001,122,0.09077380952380952,0.1029535864978903
0077,550790033002,515,0.665374677002584,0.38547904191616766
0077,550790033003,821,1,0.6145209580838323
0078,550790033004,807,1,0.4667437825332562
0078,550790033005,393,1,0.22729901677270098
0078,550790033006,529,1,0.3059572006940428
0079,550790034002,974,0.8491717523975588,0.4728155339805825
0079,550790034003,1086,1,0.5271844660194175
0080,550790034004,621,1,0.49364069952305245
0080,550790034005,123,1,0.09777424483306836
0080,550790054001,3,0.006896551724137931,0.0023847376788553257
0080,550790055001,469,0.6171052631578947,0.3728139904610493
0080,550790055005,42,0.05454545454545454,0.033386327503974564
0081,550790055001,291,0.3828947368421053,0.21381337252020574
0081,550790055002,101,0.12095808383233533,0.07421013960323292
0081,550790055004,241,0.3042929292929293,0.17707567964731816
0081,550790055005,728,0.9454545454545454,0.5349008082292432
0082,550790055002,294,0.3520958083832335,0.18467336683417085
0082,550790055003,747,0.7946808510638298,0.4692211055276382
0082,550790055004,551,0.6957070707070707,0.34610552763819097
0083,550790053002,135,0.1055512118842846,0.06320224719101124
0083,550790054002,329,0.29427549194991054,0.1540262172284644
0083,550790054003,279,0.24281984334203655,0.1306179775280899
0083,550790054004,760,0.7443682664054848,0.35580524344569286
0083,550790055002,440,0.5269461077844312,0.20599250936329588
0083,550790055003,193,0.2053191489361702,0.09035580524344569
0084,550790053002,456,0.3565285379202502,0.28733459357277885
0084,550790054003,870,0.7571801566579635,0.5482041587901701
0084,550790054004,261,0.2556317335945152,0.16446124763705103
0085,550790056001,623,0.4427860696517413,0.37484957882069797
0085,550790056002,1039,1,0.6251504211793021
0086,550790056001,784,0.5572139303482587,0.4677804295942721
0086,550790057001,892,0.7305487305487306,0.5322195704057279
0087,550790057001,194,0.1588861588861589,0.19816138917262513
0087,550790057002,785,0.5623209169054442,0.8018386108273748
0088,550790053002,688,0.5379202501954652,0.4797768479776848
0088,550790057001,135,0.11056511056511056,0.09414225941422594
0088,550790057002,611,0.4376790830945559,0.42608089260808923
0089,550790052001,139,0.16144018583042974,0.06531954887218046
0089,550790052002,255,0.28716216216216217,0.11983082706766918
0089,550790053001,930,1,0.43703007518796994
0089,550790054001,221,0.5080459770114942,0.10385338345864661
0089,550790054002,583,0.52146690518783545,0.27396616541353386
0090,550790052001,722,0.8385598141695703,0.4074492099322799
0090,550790052002,633,0.7128378378378378,0.3572234762979684
0090,550790054001,211,0.4850574712643678,0.1190744920993228
0090,550790054002,206,0.18425760286225404,0.1162528216704289
0091,550790037002,390,0.3263598326359833,0.16810344827586207
0091,550790051001,850,0.7671480144404332,0.36637931034482757
0091,550790051002,367,0.6721611721611722,0.1581896551724138
0091,550790051003,713,1,0.30732758620689654
0092,550790050002,12,0.010221465076660987,0.005420054200542005
0092,550790051002,2,0.003663003663003663,9.033423667570009e-4
0092,550790058001,1091,0.887713588283157,0.492773261065944
0092,550790058003,1109,0.9857777777777778,0.500903342366757
0093,550790058001,138,0.11228641171684296,0.133076181292189
0093,550790058002,883,1,0.8514946962391514
0093,550790058003,16,0.014222222222222223,0.015429122468659595
0094,550790050002,215,0.18313458262350937,0.4820627802690583
0094,550790050003,54,0.0574468085106383,0.1210762331838565
0094,550790051002,177,0.3241758241758242,0.3968609865470852
0095,550790050001,414,0.2865051903114187,0.3499577345731192
0095,550790050002,334,0.28449744463373083,0.28233305156382077
0095,550790050003,435,0.4627659574468085,0.36770921386306
0096,550790050001,241,0.16678200692041523,0.12116641528406234
0096,550790050003,451,0.4797872340425532,0.22674710910005028
0096,550790050004,1297,1,0.6520864756158874
0097,550790049003,943,1,0.5441431044431622
0097,550790050001,790,0.5467128027681661,0.45585689555683784
0098,550790036001,254,0.24352828379674019,0.22086956521739132
0098,550790036002,101,0.13049095607235142,0.08782608695652173
0098,550790037001,507,0.39921259842519685,0.4408695652173913
0098,550790037002,288,0.2410041841004184,0.25043478260869567
0099,550790037001,763,0.6007874015748031,0.3485609867519415
0099,550790037002,517,0.4326359832635983,0.23618090452261306
0099,550790038002,325,0.37142857142857144,0.14846962083142987
0099,550790038003,584,0.7554980595084088,0.26678848789401555
0100,550790038001,638,1,0.46332607116920843
0100,550790038002,550,0.6285714285714286,0.39941902687000724
0100,550790038003,189,0.2445019404915912,0.13725490196078433
0101,550790039001,645,1,0.3355879292403746
0101,550790039002,379,0.4627594627594628,0.19719042663891778
0101,550790039003,898,0.7565290648694187,0.4672216441207076
0102,550790039002,440,0.5372405372405372,0.18394648829431437
0102,550790039003,289,0.2434709351305813,0.12081939799331104
0102,550790048001,529,0.5274177467597209,0.22115384615384615
0102,550790049001,561,0.2914285714285714,0.23453177257525085
0102,550790049002,573,0.32372881355932204,0.2395484949832776
0103,550790048002,228,0.30440587449933243,0.07617774807885065
0103,550790048003,204,0.20606060606060606,0.0681590377547611
0103,550790049001,1364,0.7085714285714285,0.4557300367524223
0103,550790049002,1197,0.676271186440678,0.39993317741396595
0104,550790048001,474,0.47258225324027914,0.1676096181046676
0104,550790048002,521,0.6955941255006676,0.18422913719943423
0104,550790048003,786,0.793939393939394,0.27793493635077793
0104,550790048004,1047,1,0.3702263083451202
0105,550790063001,407,0.370336669699727,0.28011011699931176
0105,550790063002,487,0.8558875219683656,0.33516861665519615
0105,550790063003,559,1,0.3847212663454921
0106,550790063001,692,0.629663330300273,0.590443686006826
0106,550790064001,81,0.15913555992141454,0.06911262798634812
0106,550790065004,399,0.7732558139534884,0.34044368600682595
0107,550790047003,595,0.5293594306049823,0.39561170212765956
0107,550790047004,909,0.7789203084832905,0.6043882978723404
0108,550790047001,461,0.6332417582417582,0.3020969855832241
0108,550790047002,641,0.8490066225165563,0.4200524246395806
0108,550790047003,424,0.37722419928825623,0.2778505897771953
0109,550790047001,267,0.36675824175824173,0.13664278403275332
0109,550790047002,114,0.1509933774834437,0.05834186284544524
0109,550790047003,105,0.09341637010676157,0.05373592630501536
0109,550790047004,258,0.2210796915167095,0.13203684749232344
0109,550790064001,19,0.03732809430255403,0.009723643807574206
0109,550790065001,544,1,0.27840327533265097
0109,550790065002,470,0.7186544342507645,0.240532241555783
0109,550790065003,177,0.29401993355481726,0.09058341862845445
0110,550790064001,409,0.8035363457760314,0.360352422907489
0110,550790065002,184,0.28134556574923547,0.16211453744493393
0110,550790065003,425,0.7059800664451827,0.3744493392070485
0110,550790065004,117,0.22674418604651161,0.10308370044052863
0111,550790063002,82,0.14411247803163443,0.052463211772232884
0111,550790064002,757,1,0.48432501599488165
0111,550790064003,724,1,0.46321177223288545
0112,550790066001,705,0.5959425190194421,0.4357231149567367
0112,550790066002,574,1,0.3547589616810878
0112,550790066003,339,0.40070921985815605,0.20951792336217553
0113,550790046003,179,0.2864,0.11415816326530612
0113,550790046004,205,0.31587057010785824,0.13073979591836735
0113,550790066001,82,0.06931530008453085,0.05229591836734694
0113,550790068003,484,0.6778711484593838,0.3086734693877551
0113,550790068004,618,1,0.39413265306122447
0114,550790046002,221,0.36772046589018303,0.19891989198919893
0114,550790046003,446,0.7136,0.4014401440144014
0114,550790046004,444,0.6841294298921418,0.3996399639963996
0115,550790045002,313,0.3270637408568443,0.15069812229176696
0115,550790045003,569,0.7576564580559254,0.27395281656234954
0115,550790046001,815,1,0.3923928743379875
0115,550790046002,380,0.632279534109817,0.182956186807896
0116,550790045002,137,0.14315569487983282,0.10530361260568794
0116,550790045003,182,0.24234354194407456,0.1398923904688701
0116,550790066001,396,0.33474218089602703,0.30438124519600307
0116,550790068002,356,0.6508226691042047,0.2736356648731745
0116,550790068003,230,0.32212885154061627,0.1767870868562644
0117,550790066003,507,0.599290780141844,0.34326337169939064
0117,550790067001,182,0.38396624472573837,0.12322274881516587
0117,550790067002,373,0.4483173076923077,0.2525389302640487
0117,550790068001,224,0.5346062052505967,0.15165876777251186
0117,550790068002,191,0.3491773308957952,0.12931618144888288
0118,550790043002,322,0.36884306987399773,0.20977198697068403
0118,550790045001,706,1,0.45993485342019547
0118,550790045002,507,0.5297805642633229,0.33029315960912053
0119,550790044002,1083,1,0.6785714285714286
0119,550790044003,513,0.8665540540540541,0.32142857142857145
0120,550790068001,133,0.31742243436754175,0.0910958904109589
0120,550790069002,476,0.8067796610169492,0.32602739726027397
0120,550790069003,851,0.8746145940390545,0.5828767123287671
0121,550790067001,292,0.6160337552742616,0.2065063649222065
0121,550790067002,459,0.5516826923076923,0.3246110325318246
0121,550790068001,62,0.14797136038186157,0.04384724186704385
0121,550790070004,230,0.4703476482617587,0.16265912305516267
0121,550791857001,371,0.4274193548387097,0.2623762376237624
0122,550790069002,114,0.19322033898305085,0.06305309734513274
0122,550790069003,122,0.12538540596094552,0.06747787610619468
0122,550790070001,467,0.6719424460431654,0.25829646017699115
0122,550790070002,122,0.16375838926174496,0.06747787610619468
0122,550790070003,528,1,0.2920353982300885
0122,550790070004,259,0.5296523517382413,0.14325221238938052
0122,550791857001,196,0.22580645161290322,0.1084070796460177
0123,550790069001,624,1,0.29615567157095396
0123,550790070001,228,0.32805755395683456,0.10821072615092549
0123,550790070002,255,0.3422818791946309,0.12102515424774561
0123,550790071002,507,0.41253051261187956,0.2406264831514001
0123,550790072003,493,0.6744186046511628,0.23398196487897485
0124,550790044001,254,1,0.7627627627627628
0124,550790044003,79,0.13344594594594594,0.23723723723723725
0125,550790071001,43,0.05643044619422572,0.02147852147852148
0125,550790071002,722,0.5874694873881204,0.36063936063936064
0125,550790072002,999,1,0.499000999000999
0125,550790072003,238,0.32558139534883723,0.11888111888111888
0126,550790072001,837,1,1
0127,550790073001,851,0.8755144032921811,0.3843721770551039
0127,550790073002,755,1,0.34101174345076785
0127,550790073003,608,1,0.27461607949412825
0128,550790078001,904,1,0.36319807151466454
0128,550790078002,803,1,0.3226195259140217
0128,550790078003,782,0.7440532825880114,0.3141824025713138
0129,550790075001,462,0.5,0.22713864306784662
0129,550790075002,616,0.5554553651938684,0.3028515240904621
0129,550790075003,893,0.5170816444701795,0.4390363815142576
0129,550790078003,63,0.05994291151284491,0.030973451327433628
0130,550790073001,121,0.12448559670781893,1
0131,550790074001,876,1,0.38070404172099087
0131,550790074002,963,1,0.41851368970013036
0131,550790075001,462,0.5,0.20078226857887874
0132,550790075002,493,0.44454463480613166,0.21727633318642575
0132,550790075003,834,0.4829183555298205,0.36756280299691496
0132,550790076001,441,0.7777777777777778,0.19435874834728956
0132,550790076002,279,0.7380952380952381,0.12296165711767298
0132,550790076003,222,0.891566265060241,0.09784045835169679
0133,550790076001,117,0.20634920634920634,0.5294117647058824
0133,550790076002,77,0.2037037037037037,0.34841628959276016
0133,550790076003,27,0.10843373493975904,0.12217194570135746
0134,550790076001,9,0.015873015873015872,0.015384615384615385
0134,550790076002,22,0.0582010582010582,0.037606837606837605
0134,550790077001,464,0.8560885608856088,0.7931623931623931
0134,550790077003,90,0.12968299711815562,0.15384615384615385
0135,550790077002,785,0.9961928934010152,0.8991981672394044
0135,550790108001,19,0.03350970017636684,0.021764032073310423
0135,550791870001,69,0.15065502183406113,0.07903780068728522
0136,550790077001,78,0.14391143911439114,0.08754208754208755
0136,550790077002,3,0.0038071065989847717,0.003367003367003367
0136,550790077003,604,0.8703170028818443,0.6778900112233446
0136,550790078003,206,0.19600380589914368,0.23120089786756454
0137,550790079001,746,1,0.9933422103861518
0137,550790107002,5,0.0054288816503800215,0.006657789613848202
0138,550790071001,454,0.5958005249343832,0.1509810442301297
0138,550790079002,949,1,0.31559694047223147
0138,550790080001,386,0.40976645435244163,0.12836714333222482
0138,550790080002,499,0.4901768172888016,0.1659461257066844
0138,550790107001,534,0.6223776223776224,0.1775856335217825
0138,550790107002,185,0.2008686210640608,0.061523112736947126
0139,550790071001,265,0.34776902887139105,0.08660130718954248
0139,550790080001,556,0.5902335456475584,0.18169934640522875
0139,550790080002,519,0.5098231827111984,0.1696078431372549
0139,550790081002,705,1,0.23039215686274508
0139,550790106001,544,1,0.17777777777777778
0139,550790107001,324,0.3776223776223776,0.10588235294117647
0139,550790107002,147,0.15960912052117263,0.04803921568627451
0140,550790070002,368,0.49395973154362416,0.43243243243243246
0140,550790081001,483,1,0.5675675675675675
0141,550791856002,20,0.046296296296296294,0.01762114537444934
0141,550791856003,433,1,0.3814977973568282
0141,550791857001,131,0.15092165898617513,0.11541850220264317
0141,550791857003,551,1,0.48546255506607927
0142,550791855001,1,0.001430615164520744,7.189072609633358e-4
0142,550791856001,660,1,0.4744787922358016
0142,550791857001,170,0.195852534562212,0.12221423436376708
0142,550791857002,560,1,0.402588066139468
0143,550790084001,662,1,0.4265463917525773
0143,550790084002,506,1,0.32603092783505155
0143,550790085001,122,0.2629310344827586,0.07860824742268041
0143,550790085002,37,0.07184466019417475,0.02384020618556701
0143,550791855001,225,0.3218884120171674,0.14497422680412372
0144,550791855001,473,0.6766809728183119,0.5026567481402763
0144,550791855002,468,0.6536312849162011,0.4973432518597237
0145,550790085001,208,0.4482758620689655,0.3432343234323432
0145,550790085002,398,0.7728155339805826,0.6567656765676567
0146,550790085001,134,0.28879310344827586,0.28879310344827586
0146,550790086001,330,0.5935251798561151,0.7112068965517241
0147,550790086001,226,0.4064748201438849,0.09612930667800935
0147,550790086002,317,0.4620991253644315,0.1348362398979158
0147,550790087001,633,1,0.26924712888132707
0147,550790087002,321,0.4566145092460882,0.13653764355593365
0147,550790088001,163,0.2179144385026738,0.06933219906422798
0147,550790088002,691,0.6889332003988036,0.29391748192258615
0148,550790085002,80,0.1553398058252427,0.05082592121982211
0148,550790086002,369,0.5379008746355685,0.23443456162642948
0148,550791854001,877,1,0.5571791613722998
0148,550791855002,248,0.3463687150837989,0.15756035578144853
0149,550790087002,382,0.5433854907539118,0.1857976653696498
0149,550790088001,326,0.4358288770053476,0.15856031128404668
0149,550790099001,149,0.2134670487106017,0.07247081712062257
0149,550790099002,605,1,0.29426070038910507
0149,550791854002,594,1,0.28891050583657585
0150,550790097001,16,0.027491408934707903,0.010526315789473684
0150,550790097002,245,0.28654970760233917,0.1611842105263158
0150,550790098001,908,0.7334410339256866,0.5973684210526315
0150,550790099001,351,0.502865329512894,0.23092105263157894
0151,550790088001,259,0.3462566844919786,0.24205607476635513
0151,550790088002,312,0.31106679960119643,0.29158878504672897
0151,550790089002,301,0.4198047419804742,0.28130841121495326
0151,550790099001,198,0.2836676217765043,0.18504672897196262
0152,550790089001,490,1,0.3964401294498382
0152,550790089002,416,0.5801952580195258,0.3365695792880259
0152,550790098001,330,0.2665589660743134,0.2669902912621359
0153,550790061001,417,0.5,0.238013698630137
0153,550790062001,706,1,0.4029680365296804
0153,550790062002,629,1,0.3590182648401826
0154,550790061001,208,0.24940047961630696,0.12911235257603973
0154,550790061002,202,0.27297297297297296,0.12538795779019243
0154,550790062003,539,1,0.3345747982619491
0154,550790062004,662,1,0.41092489137181876
0155,550790090001,346,0.5381026438569206,0.22688524590163933
0155,550790090002,253,0.5659955257270693,0.1659016393442623
0155,550790090003,620,0.6193806193806194,0.4065573770491803
0155,550790096001,306,0.24898291293734745,0.20065573770491804
0156,550790090001,297,0.4618973561430793,0.16961736150770987
0156,550790090002,194,0.43400447427293065,0.11079383209594518
0156,550790090003,381,0.3806193806193806,0.21758994860079955
0156,550790091001,228,0.22485207100591717,0.1302113078241005
0156,550790091002,239,0.47514910536779326,0.13649343232438607
0156,550790091003,363,0.5393759286775631,0.2073101085094232
0156,550790096001,49,0.03986981285598047,0.027984009137635636
0157,550790091002,168,0.33399602385685884,0.13114754098360656
0157,550790091003,310,0.4606240713224368,0.2419984387197502
0157,550790092002,803,0.7758454106280194,0.6268540202966433
0158,550790091001,786,0.7751479289940828,0.6442622950819672
0158,550790091002,96,0.1908548707753479,0.07868852459016394
0158,550790092001,338,0.5738539898132428,0.27704918032786885
0159,550790060001,239,0.2928921568627451,0.19243156199677938
0159,550790060002,239,0.3157199471598415,0.19243156199677938
0159,550790061002,272,0.3675675675675676,0.21900161030595813
0159,550790061003,492,0.4915084915084915,0.3961352657004831
0160,550790060001,577,0.7071078431372549,0.36963484945547725
0160,550790061001,209,0.25059952038369304,0.133888532991672
0160,550790061002,266,0.35945945945945945,0.17040358744394618
0160,550790061003,509,0.5084915084915085,0.32607303010890454
0161,550790060003,540,0.5901639344262295,1
0162,550790060002,518,0.6842800528401585,0.7204450625869263
0162,550790092001,201,0.34125636672325976,0.2795549374130737
0163,550790059001,508,0.46098003629764067,0.3135802469135803
0163,550790059002,469,0.5021413276231264,0.2895061728395062
0163,550790059003,398,0.6160990712074303,0.24567901234567902
0163,550790060003,245,0.2677595628415301,0.15123456790123457
0164,550790050002,613,0.5221465076660988,0.36531585220500595
0164,550790059001,594,0.5390199637023594,0.3539928486293206
0164,550790059002,465,0.49785867237687365,0.2771156138259833
0164,550790059003,6,0.009287925696594427,0.003575685339690107
0165,550790059003,242,0.37461300309597523,0.13123644251626898
0165,550790059004,783,1,0.42462039045553146
0165,550790060003,130,0.14207650273224043,0.07049891540130152
0165,550790092001,50,0.08488964346349745,0.027114967462039046
0165,550790093001,223,0.385146804835924,0.12093275488069415
0165,550790093003,416,0.44208289054197664,0.22559652928416485
0166,550790093001,158,0.27288428324697755,0.25732899022801303
0166,550790093002,272,0.2176,0.44299674267100975
0166,550790093003,184,0.19553666312433582,0.2996742671009772
0167,550790092002,232,0.22415458937198068,0.13264722698684964
0167,550790093001,198,0.34196891191709844,0.11320754716981132
0167,550790093002,978,0.7824,0.5591766723842195
0167,550790093003,341,0.36238044633368754,0.1949685534591195
0168,550790094001,855,1,0.2669372463315642
0168,550790094002,975,1,0.30440212300967845
0168,550790095001,942,1,0.294099281923197
0168,550790095002,431,0.5230582524271845,0.13456134873556042
0169,550790096001,874,0.7111472742066721,0.5306618093503339
0169,550790096002,773,1,0.4693381906496661
0170,550790097001,566,0.9725085910652921,0.4812925170068027
0170,550790097002,610,0.7134502923976608,0.5187074829931972
0171,550790122001,382,0.7609561752988048,0.5735735735735735
0171,550790122003,284,0.29989440337909185,0.4264264264264264
0172,550790122001,120,0.23904382470119523,0.18126888217522658
0172,550790122003,108,0.11404435058078141,0.16314199395770393
0172,550791861001,172,0.23855755894590847,0.2598187311178248
0172,550791861002,262,0.4316309719934102,0.3957703927492447
0173,550791858001,780,1,0.5256064690026954
0173,550791858002,697,1,0.4696765498652291
0173,550791861001,7,0.009708737864077669,0.0047169811320754715
0174,550790141001,1,0.016666666666666666,6.71591672263264e-4
0174,550791859001,928,1,0.623237071860309
0174,550791860001,5,0.016129032258064516,0.0033579583613163196
0174,550791862001,204,0.6296296296296297,0.13700470114170585
0174,550791862002,351,0.6737044145873321,0.23572867696440564
0175,550790114001,99,0.23741007194244604,0.31629392971246006
0175,550791856002,35,0.08101851851851852,0.11182108626198083
0175,550791860001,179,0.5774193548387097,0.5718849840255591
0176,550790114001,15,0.03597122302158273,0.078534031413612565
0176,550790141001,50,0.8333333333333334,0.2617801047120419
0176,550791860001,126,0.4064516129032258,0.6596858638743456
0177,550790106002,613,1,0.32658497602557274
0177,550790107002,584,0.6340933767643865,0.311134789557805
0177,550790114001,303,0.7266187050359713,0.161427810335642
0177,550791856002,377,0.8726851851851852,0.20085242408098028
0178,550790110001,196,0.3218390804597701,0.13620569840166782
0178,550790112001,650,0.9078212290502793,0.45170257123002083
0178,550790112002,593,1,0.4120917303683113
0179,550790108001,487,0.8589065255731922,0.5062370062370062
0179,550790108002,379,0.791231732776618,0.39397089397089397
0179,550790112001,66,0.09217877094972067,0.06860706860706861
0179,550791870003,30,0.6666666666666666,0.031185031185031187
0180,550790108001,61,0.10758377425044091,0.12448979591836734
0180,550791869001,40,0.547945205479452,0.08163265306122448
0180,550791870001,389,0.8493449781659389,0.7938775510204081
0181,550791869001,33,0.4520547945205479,0.9166666666666666
0181,550791874001,3,0.006787330316742082,0.08333333333333333
0182,550790108002,100,0.20876826722338204,0.3215434083601286
0182,550790110001,121,0.1986863711001642,0.3890675241157556
0182,550791870002,75,1,0.24115755627009647
0182,550791870003,15,0.3333333333333333,0.04823151125401929
0183,550790110001,292,0.4794745484400657,0.23304070231444532
0183,550790110002,85,0.7327586206896551,0.06783719074221868
0183,550790111001,517,1,0.412609736632083
0183,550790113001,359,0.9522546419098143,0.286512370311253
0184,550790110002,31,0.2672413793103448,0.34444444444444444
0184,550790111002,35,1,0.3888888888888889
0184,550790113001,18,0.04774535809018567,0.2
0184,550790113002,6,1,0.06666666666666667
0185,550790143001,22,1,0.36666666666666664
0185,550790143002,5,0.1388888888888889,0.08333333333333333
0185,550790144001,32,0.367816091954023,0.5333333333333333
0185,550790144002,1,0.017241379310344827,0.016666666666666666
0186,550790143002,31,0.8611111111111112,0.06950672645739911
0186,550790144001,55,0.632183908045977,0.12331838565022421
0186,550790144002,57,0.9827586206896551,0.12780269058295965
0186,550791874001,303,0.6855203619909502,0.679372197309417
0187,550791863002,73,0.5887096774193549,0.8021978021978022
0187,550791864001,6,0.6,0.06593406593406594
0187,550791874001,12,0.027149321266968326,0.13186813186813187
0188,550791863001,2,0.028985507246376812,0.037037037037037035
0188,550791863002,51,0.4112903225806452,0.9444444444444444
0188,550791864001,1,0.1,0.018518518518518517
0189,550790141001,9,0.15,0.01744186046511628
0189,550790146001,155,0.49363057324840764,0.3003875968992248
0189,550791862001,120,0.37037037037037035,0.23255813953488372
0189,550791862002,170,0.32629558541266795,0.32945736434108525
0189,550791863001,62,0.8985507246376812,0.12015503875968993
0190,550790146001,17,0.054140127388535034,0.1619047619047619
0190,550790146002,2,0.125,0.01904761904761905
0190,550790149001,45,0.26627218934911245,0.42857142857142855
0190,550791863001,5,0.07246376811594203,0.047619047619047616
0190,550791864001,3,0.3,0.02857142857142857
0190,550791864002,22,0.6470588235294118,0.20952380952380953
0190,550791868001,11,0.025404157043879907,0.10476190476190476
0191,550790147002,3,0.029411764705882353,0.1111111111111111
0191,550790148002,24,0.2891566265060241,0.8888888888888888
0192,550790146001,142,0.45222929936305734,0.29707112970711297
0192,550790146002,14,0.875,0.029288702928870293
0192,550790147001,232,0.8689138576779026,0.48535564853556484
0192,550790147002,65,0.6372549019607843,0.13598326359832635
0192,550790148001,25,0.06067961165048544,0.05230125523012552
0193,550790122002,26,0.044905008635578586,0.015312131919905771
0193,550790122003,48,0.050686378035902854,0.028268551236749116
0193,550790136001,73,0.13059033989266547,0.04299175500588928
0193,550790137001,344,0.8094117647058824,0.20259128386336867
0193,550790148001,320,0.7766990291262136,0.18845700824499412
0193,550791861001,542,0.7517337031900139,0.31919905771495877
0193,550791861002,345,0.5683690280065898,0.20318021201413428
0194,550790147001,35,0.13108614232209737,0.1794871794871795
0194,550790147002,34,0.3333333333333333,0.17435897435897435
0194,550790148001,67,0.16262135922330098,0.3435897435897436
0194,550790148002,59,0.7108433734939759,0.30256410256410254
0195,550790136001,82,0.14669051878354203,0.21079691516709512
0195,550790136002,53,0.13802083333333334,0.13624678663239073
0195,550790137001,81,0.19058823529411764,0.20822622107969152
0195,550790137002,173,1,0.44473007712082263
0196,550790134001,487,1,0.3711890243902439
0196,550790134002,369,0.5410557184750733,0.28125
0196,550790149001,124,0.7337278106508875,0.09451219512195122
0196,550790149002,331,1,0.25228658536585363
0196,550791864002,1,0.029411764705882353,7.621951219512195e-4
0197,550790134002,313,0.45894428152492667,0.3868974042027194
0197,550790134003,496,1,0.6131025957972805
0198,550790135001,210,1,0.3684210526315789
0198,550790135002,133,1,0.23333333333333334
0198,550790136001,84,0.15026833631484796,0.14736842105263157
0198,550790136002,143,0.3723958333333333,0.25087719298245614
0199,550790136001,320,0.5724508050089445,0.6299212598425197
0199,550790136002,188,0.4895833333333333,0.3700787401574803
0200,550790122002,553,0.9550949913644214,0.5216981132075472
0200,550790122003,507,0.5353748680042238,0.47830188679245284
0201,550790123001,775,1,1
0202,550790124001,1412,1,0.98397212543554
0202,550790125001,23,0.03146374829001368,0.01602787456445993
0203,550790095002,393,0.47694174757281554,0.21072386058981232
0203,550790095003,880,1,0.4718498659517426
0203,550790124002,591,0.5851485148514851,0.31689008042895445
0203,550790125002,1,7.429420505200594e-4,5.361930294906167e-4
0204,550790094003,1183,1,0.7384519350811486
0204,550790124002,419,0.41485148514851483,0.2615480649188514
0205,550790125001,131,0.17920656634746923,0.10693877551020409
0205,550790125002,1059,0.7867756315007429,0.8644897959183674
0205,550790126001,35,0.04,0.02857142857142857
0206,550790125001,573,0.7838577291381669,0.48890784982935154
0206,550790125002,286,0.212481426448737,0.2440273037542662
0206,550790126001,313,0.3577142857142857,0.26706484641638223
0207,550790125001,2,0.0027359781121751026,0.0013097576948264572
0207,550790126001,527,0.6022857142857143,0.34512115258677145
0207,550790126002,731,1,0.47871643745907005
0207,550790129001,160,0.13212221304706853,0.10478061558611657
0207,550790130001,107,0.10615079365079365,0.07007203667321546
0208,550790126003,799,0.9290697674418604,0.5610955056179775
0208,550790129002,625,0.573921028466483,0.43890449438202245
0209,550790126003,61,0.07093023255813953,0.04244954766875435
0209,550790127001,1376,1,0.9575504523312457
0210,550790128001,905,0.8044444444444444,0.9794372294372294
0210,550790128002,19,0.019230769230769232,0.020562770562770564
0211,550790128001,220,0.19555555555555557,0.18502943650126155
0211,550790128002,969,0.9807692307692307,0.8149705634987384
0212,550790129001,807,0.6663914120561519,0.4020926756352765
0212,550790129002,464,0.426078971533517,0.2311908320876931
0212,550790129003,736,1,0.3667164922770304
0213,550790129001,244,0.2014863748967795,0.14654654654654656
0213,550790130001,901,0.8938492063492064,0.5411411411411411
0213,550790130002,519,1,0.3117117117117117
0213,550791868001,1,0.0023094688221709007,6.006006006006006e-4
0214,550790125001,2,0.0027359781121751026,0.0019011406844106464
0214,550790133001,1050,1,0.9980988593155894
0215,550790159001,279,0.34444444444444444,0.2390745501285347
0215,550790160001,871,1,0.7463581833761782
0215,550791868001,17,0.03926096997690531,0.01456726649528706
0216,550790160002,658,0.44369521240728255,0.618421052631579
0216,550790161003,406,0.3780260707635009,0.3815789473684211
0217,550790161002,175,0.17766497461928935,0.09318423855165069
0217,550790161003,592,0.5512104283054003,0.3152289669861555
0217,550790171002,831,1,0.4424920127795527
0217,550790172001,280,0.27860696517412936,0.14909478168264112
0218,550790161001,281,0.44462025316455694,0.11846543001686341
0218,550790161002,389,0.3949238578680203,0.1639966273187184
0218,550790171001,1215,1,0.5122259696458684
0218,550790172001,487,0.4845771144278607,0.20531197301854975
0219,550790160002,825,0.5563047875927175,0.4931261207411835
0219,550790161001,351,0.555379746835443,0.20980274955170353
0219,550790161002,421,0.42741116751269037,0.25164375373580394
0219,550790161003,76,0.07076350093109869,0.045427375971309025
0220,550790159002,978,1,0.5988977342314759
0220,550790162002,302,0.42715700141442714,0.18493570116350275
0220,550790162003,353,0.5372907153729072,0.21616656460502143
0221,550790162003,304,0.4627092846270928,0.11847233047544817
0221,550790170004,1024,1,0.3990646921278254
0221,550790170005,870,1,0.33904910366328916
0221,550790173001,368,0.4088888888888889,0.14341387373343725
0222,550790162001,248,0.26695371367061355,0.1321257325519446
0222,550790162002,405,0.5728429985855729,0.21576984549813533
0222,550790163004,89,0.07349298100743187,0.047416089504528504
0222,550790169001,20,0.022296544035674472,0.010655301012253596
0222,550790169002,59,0.05529522024367385,0.03143313798614811
0222,550790170001,754,1,0.40170484816196056
0222,550790170002,302,0.4253521126760563,0.1608950452850293
0223,550790169002,172,0.16119962511715089,0.07488027862429256
0223,550790169003,13,0.01867816091954023,0.0056595559425337396
0223,550790170002,408,0.5746478873239437,0.17762298650413583
0223,550790170003,795,1,0.3461036134087941
0223,550790173003,909,0.808,0.3957335655202438
0224,550790169001,263,0.2931995540691193,0.1317635270541082
0224,550790169002,477,0.44704779756326146,0.23897795591182364
0224,550790169003,270,0.3879310344827586,0.13527054108216433
0224,550790174001,512,0.5104685942173479,0.2565130260521042
0224,550790174002,474,0.4397031539888683,0.2374749498997996
0225,550790162001,236,0.25403659849300325,0.12196382428940568
0225,550790163003,589,0.8342776203966006,0.30439276485788114
0225,550790163004,897,0.740710156895128,0.4635658914728682
0225,550790169001,208,0.2318840579710145,0.10749354005167959
0225,550790169002,5,0.004686035613870665,0.002583979328165375
0226,550790159003,381,0.7728194726166329,0.4612590799031477
0226,550790162001,445,0.4790096878363832,0.5387409200968523
0227,550790158001,274,0.524904214559387,0.25137614678899084
0227,550790159001,531,0.6555555555555556,0.4871559633027523
0227,550791864002,11,0.3235294117647059,0.010091743119266056
0227,550791868001,274,0.6327944572748267,0.25137614678899084
0228,550790157001,66,0.20754716981132076,0.047619047619047616
0228,550790157002,111,0.16666666666666666,0.08008658008658008
0228,550790157004,258,0.3975346687211094,0.18614718614718614
0228,550790158002,631,1,0.45526695526695526
0228,550790158003,320,0.4419889502762431,0.23088023088023088
0229,550790163001,877,0.9022633744855967,0.5728282168517309
0229,550790163002,312,0.609375,0.2037883736120183
0229,550790163003,117,0.16572237960339944,0.07642064010450686
0229,550790163004,225,0.18579686209744012,0.14696276943174397
0230,550790168001,216,0.30725462304409673,0.10609037328094302
0230,550790168002,228,0.3683360258481422,0.11198428290766209
0230,550790168003,419,0.4988095238095238,0.20579567779960709
0230,550790169001,406,0.45261984392419174,0.1994106090373281
0230,550790169002,354,0.33177132146204313,0.1738703339882122
0230,550790169003,413,0.5933908045977011,0.20284872298624754
0231,550790163001,95,0.09773662551440329,0.0794979079497908
0231,550790163002,200,0.390625,0.16736401673640167
0231,550790164002,129,0.1519434628975265,0.10794979079497909
0231,550790164003,535,0.6629491945477075,0.4476987447698745
0231,550790168001,236,0.3357041251778094,0.19748953974895397
0232,550790164002,79,0.09305064782096584,0.07287822878228782
0232,550790164003,272,0.33705080545229243,0.25092250922509224
0232,550790164004,733,1,0.6761992619926199
0233,550790157001,136,0.4276729559748428,0.17871222076215507
0233,550790157002,79,0.11861861861861862,0.1038107752956636
0233,550790157003,155,0.37349397590361444,0.20367936925098554
0233,550790157004,391,0.6024653312788906,0.5137976346911958
0234,550790157001,116,0.36477987421383645,0.11717171717171718
0234,550790157002,476,0.7147147147147147,0.4808080808080808
0234,550791865002,268,0.4785714285714286,0.27070707070707073
0234,550791868001,130,0.3002309468822171,0.13131313131313133
0235,550790165002,47,0.08377896613190731,0.04044750430292599
0235,550790165003,36,0.05844155844155844,0.03098106712564544
0235,550791865001,830,0.9110867178924259,0.7142857142857143
0235,550791865002,125,0.22321428571428573,0.10757314974182444
0235,550791874001,124,0.28054298642533937,0.10671256454388985
0236,550790157003,260,0.6265060240963856,0.20967741935483872
0236,550790164001,472,1,0.38064516129032255
0236,550790165001,280,0.5118829981718465,0.22580645161290322
0236,550790165002,61,0.10873440285204991,0.049193548387096775
0236,550791865002,167,0.2982142857142857,0.1346774193548387
0237,550790164002,641,0.7550058892815077,0.4256308100929615
0237,550790165001,267,0.48811700182815354,0.17729083665338646
0237,550790165002,220,0.39215686274509803,0.1460823373173971
0237,550790167001,279,0.5176252319109462,0.1852589641434263
0237,550790168001,99,0.14082503556187767,0.06573705179282868
0238,550790167001,186,0.3450834879406308,0.09743321110529073
0238,550790167002,71,0.12746858168761221,0.03719224724986904
0238,550790167003,688,0.709278350515464,0.3603981141959141
0238,550790168001,152,0.21621621621621623,0.07962283918281823
0238,550790168002,391,0.6316639741518578,0.20481927710843373
0238,550790168003,421,0.5011904761904762,0.22053431115767416
0239,550790166001,534,0.985239852398524,0.3510848126232742
0239,550790166002,145,0.232,0.09533201840894148
0239,550790167001,74,0.137291280148423,0.04865220249835635
0239,550790167002,486,0.8725314183123878,0.31952662721893493
0239,550790167003,282,0.2907216494845361,0.1854043392504931
0240,550790165002,233,0.41532976827094475,0.1699489423778264
0240,550790165003,580,0.9415584415584416,0.42304886943836617
0240,550790166001,8,0.014760147601476014,0.005835156819839533
0240,550790166002,469,0.7504,0.34208606856309265
0240,550791865001,81,0.0889132821075741,0.05908096280087528
0241,550790166002,2,0.0032,0.0012461059190031153
0241,550790179001,156,0.36027713625866054,0.09719626168224299
0241,550790180001,1398,0.5128393250183418,0.8710280373831776
0241,550791866001,49,0.06481481481481481,0.030529595015576325
0242,550790180001,1328,0.4871606749816581,1
0243,550790181001,797,0.8345549738219895,0.4978138663335415
0243,550790181002,804,0.9220183486238532,0.5021861336664585
0244,550790182001,1025,0.9201077199281867,0.7254069355980184
0244,550790182002,56,0.05982905982905983,0.039631988676574664
0244,550790183001,332,0.34156378600823045,0.23496107572540695
0245,550790182001,89,0.07989228007181329,0.0712
0245,550790182002,879,0.9391025641025641,0.7032
0245,550790183001,282,0.29012345679012347,0.2256
0246,550790181001,158,0.16544502617801046,0.07019102621057308
0246,550790181002,68,0.0779816513761468,0.030208796090626388
0246,550790183001,127,0.13065843621399176,0.056419369169258105
0246,550790183002,699,0.7715231788079471,0.31052865393158596
0246,550790183003,797,1,0.35406486006219456
0246,550790184001,402,0.459954233409611,0.1785872945357619
0247,550790184001,453,0.5183066361556065,0.39982347749338043
0247,550790184002,680,0.9883720930232558,0.6001765225066196
0248,550790179001,223,0.5150115473441108,0.10054102795311091
0248,550790179002,528,0.7292817679558011,0.23805229936880073
0248,550790179003,1279,1,0.5766456266907124
0248,550790179004,169,0.29037800687285226,0.07619477006311992
0248,550790184001,19,0.021739130434782608,0.008566275924256087
0249,550790166002,9,0.0144,0.0055658627087198514
0249,550791866001,707,0.9351851851851852,0.43722943722943725
0249,550791866002,901,1,0.557204700061843
0250,550790176001,1202,1,1
0251,550790176002,902,0.8939544103072349,0.8631578947368421
0251,550790186001,143,0.1874180865006553,0.1368421052631579
0252,550790186002,464,1,0.3118279569892473
0252,550790186003,670,1,0.45026881720430106
0252,550790187003,354,0.34705882352941175,0.23790322580645162
0253,550790187002,644,1,1
0254,550790175002,470,0.5964467005076142,0.5465116279069767
0254,550790175003,283,0.4149560117302053,0.32906976744186045
0254,550790176002,107,0.10604558969276512,0.12441860465116279
0255,550790175001,591,1,0.5777126099706745
0255,550790175002,318,0.4035532994923858,0.31085043988269795
0255,550790175003,114,0.16715542521994134,0.11143695014662756
0256,550790174001,268,0.26719840478564305,0.19633699633699633
0256,550790175003,285,0.4178885630498534,0.2087912087912088
0256,550790175004,812,1,0.5948717948717949
0257,550790174001,223,0.22233300099700898,0.09620362381363244
0257,550790174002,604,0.5602968460111317,0.26056945642795515
0257,550790188001,588,1,0.25366695427092323
0257,550790188002,903,0.9847328244274809,0.3895599654874892
0258,550790173001,532,0.5911111111111111,0.21434327155519742
0258,550790173002,893,1,0.3597904915390814
0258,550790173003,216,0.192,0.08702659145850121
0258,550790188002,14,0.015267175572519083,0.0056406124093473006
0258,550790189001,824,0.5802816901408451,0.33199033037872683
0258,550790201003,3,0.002932551319648094,0.0012087026591458502
0259,550790172001,238,0.23681592039800994,0.14764267990074442
0259,550790172002,1001,1,0.6209677419354839
0259,550790189001,361,0.25422535211267605,0.2239454094292804
0259,550790190001,12,0.05429864253393665,0.007444168734491315
0260,550790189001,235,0.16549295774647887,0.2876376988984088
0260,550790190001,1,0.004524886877828055,0.0012239902080783353
0260,550790190002,88,0.10232558139534884,0.10771113831089352
0260,550790200001,493,0.3539124192390524,0.6034271725826194
0261,550790190002,772,0.8976744186046511,0.6923766816143497
0261,550790190003,343,0.27661290322580645,0.3076233183856502
0262,550790190003,897,0.7233870967741935,0.4152777777777778
0262,550790190004,1020,1,0.4722222222222222
0262,550790190005,243,0.2688053097345133,0.1125
0263,550790190001,208,0.9411764705882353,0.24355971896955503
0263,550790190005,646,0.7146017699115044,0.7564402810304449
0264,550790190005,15,0.016592920353982302,0.007208073041806823
0264,550790192001,777,1,0.3733781835655935
0264,550790192002,746,1,0.3584814992791927
0264,550790192003,543,0.6926020408163265,0.26093224411340704
0265,550790192003,241,0.30739795918367346,0.1751453488372093
0265,550790192004,21,0.020854021847070508,0.015261627906976744
0265,550790193001,866,1,0.6293604651162791
0265,550790193002,248,0.3042944785276074,0.18023255813953487
0266,550790193002,146,0.17914110429447852,0.09401159047005796
0266,550790193003,674,0.928374655647383,0.4339987121699936
0266,550790193004,733,1,0.4719896973599485
0267,550790192004,986,0.9791459781529295,0.6758053461274846
0267,550790193002,421,0.5165644171779141,0.28855380397532554
0267,550790193003,52,0.07162534435261708,0.03564084989718986
0268,550790196001,585,0.715158924205379,0.1908023483365949
0268,550790198001,1110,1,0.36203522504892366
0268,550790198004,491,0.6689373297002725,0.16014350945857794
0268,550790198005,880,0.6712433257055682,0.28701891715590344
0269,550790196001,233,0.28484107579462103,0.18146417445482865
0269,550790196002,777,1,0.6051401869158879
0269,550790196003,274,0.3931133428981349,0.21339563862928349
0270,550790195001,47,0.031907671418873046,0.029974489795918366
0270,550790196003,423,0.6068866571018652,0.2697704081632653
0270,550790196004,985,1,0.6281887755102041
0270,550790197004,113,0.09479865771812081,0.07206632653061225
0271,550790194001,1317,1,0.7057877813504824
0271,550790194002,549,0.5,0.2942122186495177
0272,550790194002,549,0.5,0.3327272727272727
0272,550790195001,347,0.2355736591989138,0.2103030303030303
0272,550790195002,754,0.35887672536887194,0.45696969696969697
0273,550790195001,590,0.40054310930074677,0.45454545454545453
0273,550790195002,708,0.3369823893384103,0.5454545454545454
0274,550790195001,489,0.3319755600814664,0.3835294117647059
0274,550790195002,639,0.30414088529271777,0.5011764705882353
0274,550790197004,147,0.12332214765100671,0.11529411764705882
0275,550790197003,1084,1,0.5376984126984127
0275,550790197004,932,0.7818791946308725,0.4623015873015873
0276,550790197001,864,0.993103448275862,0.3700214132762313
0276,550790197002,1471,1,0.6299785867237687
0277,550790197001,6,0.006896551724137931,0.0029354207436399216
0277,550790198002,222,0.3512658227848101,0.1086105675146771
0277,550790198003,928,1,0.45401174168297453
0277,550790198004,243,0.3310626702997275,0.11888454011741682
0277,550790199004,645,1,0.3155577299412916
0278,550790199002,879,1,0.6260683760683761
0278,550790199003,525,1,0.37393162393162394
0279,550790198002,410,0.6487341772151899,0.17012448132780084
0279,550790198005,431,0.32875667429443173,0.17883817427385892
0279,550790199001,737,1,0.3058091286307054
0279,550790199005,832,1,0.34522821576763485
0280,550790191001,948,1,0.400676246830093
0280,550790191002,782,1,0.3305156382079459
0280,550790191003,636,1,0.2688081149619611
0281,550790200001,900,0.6460875807609476,0.5642633228840125
0281,550790200002,695,0.9599447513812155,0.43573667711598746
0282,550790200002,15,0.020718232044198894,1
0283,550790201002,5,0.04310344827586207,0.0035612535612535613
0283,550790201003,64,0.06256109481915934,0.045584045584045586
0283,550790202001,162,0.18120805369127516,0.11538461538461539
0283,550790202002,342,0.3247863247863248,0.24358974358974358
0283,550790202003,831,0.969661610268378,0.5918803418803419
0284,550790201001,2,0.0017953321364452424,0.0018726591760299626
0284,550790201002,110,0.9482758620689655,0.10299625468164794
0284,550790201003,956,0.9345063538611925,0.8951310861423221
0285,550790187003,149,0.14607843137254903,0.3225108225108225
0285,550790201001,27,0.02423698384201077,0.05844155844155844
0285,550790204001,286,0.2744721689059501,0.6190476190476191
0286,550790201001,372,0.3339317773788151,0.36795252225519287
0286,550790201002,1,0.008620689655172414,9.891196834817012e-4
0286,550790204001,242,0.23224568138195778,0.23936696340257171
0286,550790204003,396,0.45569620253164556,0.3916913946587537
0287,550790201001,691,0.6202872531418312,0.6625119846596357
0287,550790203002,352,0.16258660508083142,0.3374880153403643
0288,550790202001,732,0.8187919463087249,0.29128531635495425
0288,550790202002,353,0.3352326685660019,0.14046955829685634
0288,550790203001,389,0.2255072463768116,0.1547950656585754
0288,550790203002,1039,0.47990762124711317,0.413450059689614
0289,550790203001,449,0.26028985507246377,0.2497219132369299
0289,550790203002,417,0.19260969976905312,0.23192436040044495
0289,550790204003,473,0.5443037974683544,0.26307007786429365
0289,550790205003,459,0.5139977603583427,0.25528364849833146
0290,550790187003,203,0.19901960784313724,0.11768115942028985
0290,550790204001,514,0.4932821497120921,0.29797101449275365
0290,550790204002,784,1,0.4544927536231884
0290,550790205001,123,0.13804713804713806,0.07130434782608695
0290,550790205003,101,0.11310190369540873,0.058550724637681156
0291,550790205001,768,0.8619528619528619,0.46153846153846156
0291,550790205002,775,0.9215219976218787,0.4657451923076923
0291,550790205003,121,0.135498320268757,0.07271634615384616
0292,550790185001,323,0.35223555070883317,0.21706989247311828
0292,550790203001,887,0.5142028985507247,0.5961021505376344
0292,550790205002,66,0.07847800237812129,0.04435483870967742
0292,550790205003,212,0.2374020156774916,0.1424731182795699
0293,550790185001,594,0.6477644492911668,0.37714285714285717
0293,550790185002,981,1,0.6228571428571429
0294,550790206001,745,0.40226781857451405,0.6223893065998329
0294,550790206002,452,0.21720326765977896,0.37761069340016706
0295,550790206001,1032,0.5572354211663066,0.7122153209109731
0295,550790206002,417,0.2003844305622297,0.28778467908902694
0296,550790206002,230,0.11052378664103796,0.13210798391728892
0296,550790207004,814,1,0.4675473865594486
0296,550790207005,697,1,0.4003446295232625
0297,550790206001,75,0.04049676025917927,0.05193905817174515
0297,550790206002,982,0.4718885151369534,0.6800554016620498
0297,550790207006,387,0.4201954397394137,0.268005540166205
0298,550790183001,231,0.23765432098765432,0.17473524962178516
0298,550790183002,207,0.22847682119205298,0.15658093797276854
0298,550790207001,349,0.44572158365261816,0.2639939485627837
0298,550790207006,534,0.5798045602605864,0.4039334341906203
0298,550790208001,1,0.0015290519877675841,7.564296520423601e-4
0299,550790208001,653,0.9984709480122325,0.42210730446024564
0299,550790208002,1,0.0011123470522803114,6.464124111182935e-4
0299,550790208003,568,0.8219971056439942,0.36716224951519066
0299,550790208005,325,0.4458161865569273,0.21008403361344538
0300,550790182002,1,0.0010683760683760685,4.6274872744099955e-4
0300,550790208002,898,0.9988876529477196,0.4155483572420176
0300,550790208003,123,0.17800289435600578,0.056918093475242945
0300,550790208004,735,1,0.34012031466913467
0300,550790208005,404,0.5541838134430727,0.1869504858861638
0301,550790207001,434,0.5542784163473818,0.20346929207688702
0301,550790207002,631,1,0.29582747304266294
0301,550790207003,1068,1,0.5007032348804501
0302,550790209001,746,1,0.5465201465201465
0302,550790209002,84,0.07560756075607561,0.06153846153846154
0302,550790209003,535,0.5667372881355932,0.39194139194139194
0303,550790209002,1027,0.9243924392439244,0.4624043223773075
0303,550790209003,409,0.4332627118644068,0.18415128320576318
0303,550790210002,785,0.5497198879551821,0.3534443944169293
0304,550790211001,330,0.19939577039274925,0.2018348623853211
0304,550790212001,1243,1,0.7602446483180428
0304,550790212002,62,0.21453287197231835,0.037920489296636085
0305,550790211001,1325,0.8006042296072508,0.8745874587458746
0305,550790212002,190,0.657439446366782,0.1254125412541254
0306,550790202002,358,0.33998100664767333,0.34095238095238095
0306,550790202003,26,0.030338389731621937,0.024761904761904763
0306,550790203002,357,0.16489607390300232,0.34
0306,550790213001,309,0.2788808664259928,0.29428571428571426
0307,550790213001,799,0.7211191335740073,0.46588921282798834
0307,550790214001,325,0.3540305010893246,0.18950437317784258
0307,550790214002,591,0.9516908212560387,0.3446064139941691
0308,550790212002,37,0.12802768166089964,0.05606060606060606
0308,550790214001,593,0.6459694989106753,0.8984848484848484
0308,550790214002,30,0.04830917874396135,0.045454545454545456
0309,550790215001,867,1,0.39124548736462095
0309,550790215003,1016,1,0.4584837545126354
0309,550790216002,333,0.22839506172839505,0.15027075812274368
0310,550790216002,634,0.4348422496570645,1
0311,550790216001,618,0.41145139813581894,1
0312,550790215002,1313,1,0.7278270509977827
0312,550790216002,491,0.33676268861454045,0.2721729490022173
0313,550790217002,697,0.49119097956307256,0.2459421312632322
0313,550790217003,522,0.3577793008910212,0.18419195483415668
0313,550790218001,274,1,0.09668313338038109
0313,550790218002,635,1,0.2240649258997883
0313,550790218003,706,1,0.2491178546224418
0314,550790217001,724,1,0.5727848101265823
0314,550790217002,540,0.38054968287526425,0.4272151898734177
0315,550790217002,182,0.12825933756166313,0.07711864406779662
0315,550790217003,937,0.6422206991089787,0.39703389830508473
0315,550790217004,960,1,0.4067796610169492
0315,550790217005,281,0.28879753340184994,0.11906779661016949
0316,550790216001,884,0.5885486018641811,0.580814717477004
0316,550790217005,638,0.6557040082219938,0.4191852825229961
0317,550790210001,973,1,0.5826347305389221
0317,550790210002,643,0.45028011204481794,0.3850299401197605
0317,550790217005,54,0.05549845837615622,0.032335329341317366
0320,550790158001,44,0.0842911877394636,1
0321,550790158001,204,0.39080459770114945,0.2833333333333333
0321,550790158003,404,0.5580110497237569,0.5611111111111111
0321,550790159003,112,0.22718052738336714,0.15555555555555556
0322,550790187003,314,0.307843137254902,0.9345238095238095
0322,550790201001,22,0.019748653500897665,0.06547619047619048
0323,550790186001,132,0.17300131061598953,0.1456953642384106
0323,550790187001,774,1,0.8543046357615894
0324,550790186001,488,0.6395806028833552,1
0325,550790179001,54,0.12471131639722864,0.08047690014903129
0325,550790179002,196,0.27071823204419887,0.29210134128166915
0325,550790179004,413,0.7096219931271478,0.6154992548435171
0325,550790184002,8,0.011627906976744186,0.011922503725782414
0326,550790200002,14,0.019337016574585635,1
