neighborhood,tract,bedrooms,pct.of.tract,pct.of.neighborhood
ALCOTT PARK,55079019500,1639,0.4585898153329603,1
ALVERNO,55079019100,463,0.19568892645815722,1
ARLINGTON GARDENS,55079003300,993,0.24055232558139536,0.39783653846153844
ARLINGTON GARDENS,55079003400,1503,0.34783614903957416,0.6021634615384616
ARLINGTON HEIGHTS,55079004500,1708,0.7075393537696769,0.3883583447021373
ARLINGTON HEIGHTS,55079004600,2690,1,0.6116416552978626
AVENUES WEST,55079013700,307,0.5133779264214047,0.21408647140864714
AVENUES WEST,55079014600,164,0.49696969696969695,0.11436541143654114
AVENUES WEST,55079014700,367,0.994579945799458,0.25592747559274753
AVENUES WEST,55079014800,294,0.593939393939394,0.20502092050209206
AVENUES WEST,55079014900,279,0.558,0.19456066945606695
AVENUES WEST,55079186300,5,0.025906735751295335,0.003486750348675035
AVENUES WEST,55079186400,18,0.4090909090909091,0.012552301255230125
BARAN PARK,55079186600,363,0.21907060953530477,1
BAY VIEW,55079016600,11,0.009425878320479864,6.024426310312723e-4
BAY VIEW,55079017900,3018,1,0.16528835095021632
BAY VIEW,55079018000,2726,1,0.14929623747193166
BAY VIEW,55079018100,1827,1,0.10006024426310313
BAY VIEW,55079018200,2050,1,0.11227339941946438
BAY VIEW,55079018300,2675,1,0.14650309436442302
BAY VIEW,55079018400,1562,1,0.08554685360644065
BAY VIEW,55079018500,72,0.037934668071654375,0.003943260857659237
BAY VIEW,55079020600,2324,0.5908975336892957,0.12727969768333425
BAY VIEW,55079020700,1937,0.3941798941798942,0.10608467057341585
BAY VIEW,55079020800,1,2.6968716289104636e-4,5.476751191193384e-5
BAY VIEW,55079186600,56,0.03379601689800845,0.003066980667068295
BLUEMOUND HEIGHTS,55079012500,7,0.003370245546461242,0.002102102102102102
BLUEMOUND HEIGHTS,55079012600,2431,0.9858069748580698,0.73003003003003
BLUEMOUND HEIGHTS,55079012900,785,0.2585638998682477,0.23573573573573572
BLUEMOUND HEIGHTS,55079013000,107,0.07007203667321546,0.03213213213213213
BORCHERT FIELD,55079006600,1184,0.4548597771801767,0.3413087345056212
BORCHERT FIELD,55079006700,182,0.13935681470137826,0.05246468722974921
BORCHERT FIELD,55079006800,2103,0.9151436031331592,0.6062265782646296
BRADLEY ESTATES,55079000700,1598,0.9427728613569322,1
BREWER'S HILL,55079010600,613,0.5298184961106309,0.42363510711817554
BREWER'S HILL,55079011400,402,0.9640287769784173,0.2778161713890809
BREWER'S HILL,55079185600,432,0.28327868852459015,0.2985487214927436
BRYNWOOD,55079000700,72,0.04247787610619469,1
BUCHEL PARK,55079000102,41,0.028751753155680224,1
BURNHAM PARK,55079016100,1437,0.5340022296544036,0.25294842457313854
BURNHAM PARK,55079016200,304,0.13257740950719582,0.05351170568561873
BURNHAM PARK,55079017000,1894,0.45605586323139896,0.3333920084492167
BURNHAM PARK,55079017100,2046,1,0.36014786129202603
CALUMET FARMS,55079000202,1236,0.25999158603281447,1
CAMBRIDGE HEIGHTS,55079007300,1374,0.5884368308351178,0.7006629270780215
CAMBRIDGE HEIGHTS,55079007800,587,0.2128353879622915,0.2993370729219786
CANNON PARK,55079012800,1411,0.6677709417889257,1
CAPITOL HEIGHTS,55079003100,1197,0.342,0.2138645703055208
CAPITOL HEIGHTS,55079003200,324,0.11501597444089456,0.057888154368411646
CAPITOL HEIGHTS,55079003400,14,0.0032399907428835918,0.002501340003573343
CAPITOL HEIGHTS,55079003500,3512,1,0.6274790066106843
CAPITOL HEIGHTS,55079003600,550,0.3026967528893781,0.09826692871180989
CASTLE MANOR,55079021400,45,0.029239766081871343,0.019902697921273773
CASTLE MANOR,55079021500,1883,0.5891739674593242,0.8328173374613003
CASTLE MANOR,55079021600,333,0.1125,0.14727996461742593
CLARKE SQUARE,55079015800,1877,1,0.40158322635857935
CLARKE SQUARE,55079015900,1022,0.4480491012713722,0.2186563970902867
CLARKE SQUARE,55079016200,527,0.22982991713911904,0.11275139067180145
CLARKE SQUARE,55079016300,1248,0.36695089679506027,0.26700898587933247
CLAYTON CREST,55079021500,1313,0.41082603254067585,0.7278270509977827
CLAYTON CREST,55079021600,491,0.16587837837837838,0.2721729490022173
CLOCK TOWER ACRES,55079016500,545,0.31612529002320183,0.4702329594477998
CLOCK TOWER ACRES,55079016600,614,0.5261353898886033,0.5297670405522001
COLD SPRING PARK,55079012200,1119,0.5517751479289941,0.8050359712230216
COLD SPRING PARK,55079013600,271,0.2873806998939555,0.1949640287769784
COLLEGE HEIGHTS,55079021700,960,0.17344173441734417,1
COLUMBUS PARK,55079003200,2492,0.8846290379836705,0.6393022062596203
COLUMBUS PARK,55079003300,1406,0.34060077519379844,0.3606977937403797
CONCORDIA,55079013500,343,1,0.33793103448275863
CONCORDIA,55079013600,672,0.7126193001060446,0.6620689655172414
COOPER PARK,55079005600,1096,0.44807849550286183,0.2951791004578508
COOPER PARK,55079005700,2617,1,0.7048208995421492
COPERNICUS PARK,55079021700,1220,0.2204155374887082,1
DINEEN PARK,55079003600,147,0.08090258668134287,0.0506198347107438
DINEEN PARK,55079003700,390,0.15821501014198783,0.13429752066115702
DINEEN PARK,55079005100,2367,1,0.8150826446280992
DOWNER WOODS,55079007300,961,0.4115631691648822,0.3432142857142857
DOWNER WOODS,55079007400,1839,1,0.6567857142857143
DRETZKA PARK,55079000201,129,0.13493723849372385,1
ENDERIS PARK,55079005800,2575,0.7954896509113376,0.8224209517725967
ENDERIS PARK,55079005900,556,0.16046176046176047,0.1775790482274034
ESTABROOK PARK,55079004400,67,0.03473302229134267,1
EUCLID PARK,55079019400,1317,0.5453416149068323,1
FAIR PARK,55079012800,702,0.3322290582110743,0.48817802503477054
FAIR PARK,55079012900,736,0.24242424242424243,0.5118219749652295
FAIRFIELD,55079000800,25,0.006507027589796981,0.022747952684258416
FAIRFIELD,55079000900,73,0.03351698806244261,0.06642402183803457
FAIRFIELD,55079001000,14,0.004421983575489577,0.012738853503184714
FAIRFIELD,55079001100,987,0.6100123609394313,0.8980891719745223
FAIRVIEW,55079019200,1248,0.37658418829209417,0.284412032816773
FAIRVIEW,55079019300,3140,1,0.715587967183227
FERNWOOD,55079020800,3707,0.999730312837109,1
FLORIST HIGHLANDS,55079000303,1035,0.5416012558869702,0.8220810166799047
FLORIST HIGHLANDS,55079000501,224,0.07977207977207977,0.17791898332009531
FOREST HOME HILLS,55079017400,2081,1,0.5761351052048727
FOREST HOME HILLS,55079018800,1505,1,0.4166666666666667
FOREST HOME HILLS,55079020100,26,0.01154016866400355,0.007198228128460687
FRANKLIN HEIGHTS,55079004700,3771,0.9992050874403816,0.49005847953216375
FRANKLIN HEIGHTS,55079006300,1099,0.49348899865289625,0.14282001299545158
FRANKLIN HEIGHTS,55079006400,509,0.2557788944723618,0.06614684860298896
FRANKLIN HEIGHTS,55079006500,2316,1,0.30097465886939573
FREEDOM VILLAGE,55079000102,60,0.04207573632538569,1
GARDEN HOMES,55079004100,192,0.08091024020227561,0.09486166007905138
GARDEN HOMES,55079004200,1832,0.7802385008517888,0.9051383399209486
GOLDEN GATE,55079000304,873,0.23242811501597443,1
GOLDEN VALLEY,55079003400,213,0.049294144873871786,0.05866152575048196
GOLDEN VALLEY,55079005500,3418,0.8342689773004638,0.941338474249518
GOLDMAN PARK,55079021700,1658,0.2995483288166215,1
GRA-RAM,55079021800,1615,1,1
GRACELAND,55079000600,15,0.002879631407179881,0.005274261603375527
GRACELAND,55079000800,2739,0.7129099427381572,0.9630801687763713
GRACELAND,55079001100,89,0.0550061804697157,0.03129395218002813
GRACELAND,55079001200,1,5.249343832020997e-4,3.5161744022503517e-4
GRANTOSA,55079003400,531,0.12288822031937052,1
GRANVILLE STATION,55079000201,291,0.3043933054393305,0.35018050541516244
GRANVILLE STATION,55079000202,540,0.11358855700462768,0.6498194945848376
GRANVILLE WOODS,55079000102,23,0.016129032258064516,1
GRASSLYN MANOR,55079003600,355,0.1953769950467804,0.0683086395997691
GRASSLYN MANOR,55079003700,2075,0.8417849898580122,0.3992688089282278
GRASSLYN MANOR,55079003800,1202,0.5258092738407699,0.23128728112372524
GRASSLYN MANOR,55079004900,9,0.0019404915912031048,0.00173176832788147
GRASSLYN MANOR,55079005000,1556,0.32042833607907745,0.2994035020203964
GREEN MOOR,55079019900,641,0.1771697070204533,1
GROVER HEIGHTS,55079004300,322,0.061733128834355826,0.9969040247678018
GROVER HEIGHTS,55079004400,1,5.184033177812338e-4,0.0030959752321981426
HALYARD PARK,55079185500,1,7.067137809187279e-4,0.002331002331002331
HALYARD PARK,55079185600,251,0.16459016393442624,0.585081585081585
HALYARD PARK,55079186000,177,0.5709677419354838,0.4125874125874126
HAMPTON HEIGHTS,55079002800,1930,1,0.285545198993934
HAMPTON HEIGHTS,55079002900,2118,1,0.3133599644917887
HAMPTON HEIGHTS,55079003000,2711,0.7173855517332628,0.40109483651427724
HARAMBEE,55079006700,751,0.5750382848392037,0.07404121068717343
HARAMBEE,55079006800,195,0.08485639686684072,0.01922508133688258
HARAMBEE,55079006900,2187,1,0.21561668145519078
HARAMBEE,55079007000,2457,1,0.2422360248447205
HARAMBEE,55079008100,1188,1,0.11712511091393078
HARAMBEE,55079010600,544,0.4701815038893691,0.053633047421867294
HARAMBEE,55079185600,842,0.5521311475409836,0.08301291531105195
HARAMBEE,55079185700,1979,1,0.1951099280291827
HARBOR VIEW,55079016500,35,0.020301624129930394,0.24305555555555555
HARBOR VIEW,55079186500,82,0.0557443915703603,0.5694444444444444
HARBOR VIEW,55079187400,27,0.06108597285067873,0.1875
HARDER'S OAKS,55079019100,466,0.19695688926458157,1
HAVENWOODS,55079001200,559,0.29343832020997374,1
HAWLEY FARMS,55079019800,1807,0.38324496288441146,1
HAWTHORNE GLEN,55079012400,427,0.17630057803468208,1
HAYMARKET,55079014100,34,0.5666666666666667,0.85
HAYMARKET,55079186000,6,0.01935483870967742,0.15
HERITAGE HEIGHTS,55079000302,686,0.3947065592635213,1
HIGHWOOD ESTATES,55079019600,1682,0.5132743362831859,1
HILLSIDE,55079014100,12,0.2,0.08955223880597014
HILLSIDE,55079186000,122,0.3935483870967742,0.9104477611940298
HILLTOP PARISH,55079000101,3,0.0027247956403269754,1
HISTORIC MITCHELL STREET,55079016400,1656,0.5788185948968892,0.23173803526448364
HISTORIC MITCHELL STREET,55079016500,720,0.4176334106728538,0.10075566750629723
HISTORIC MITCHELL STREET,55079016600,542,0.4644387317909169,0.07584662748390708
HISTORIC MITCHELL STREET,55079016700,2066,1,0.2891127903722362
HISTORIC MITCHELL STREET,55079016800,2162,1,0.30254687937307584
HISTORIC THIRD WARD,55079187400,215,0.48642533936651583,1
HOLLER PARK,55079021600,563,0.1902027027027027,1
HONEY CREEK MANOR,55079019900,2973,0.8217247097844113,1
HONEY CREEK PARKWAY,55079012700,1376,1,1
JACKSON PARK,55079019000,4233,0.9971731448763251,0.5601429138547043
JACKSON PARK,55079019100,1437,0.6073541842772612,0.19015482334259626
JACKSON PARK,55079019200,412,0.12432106216053108,0.05451898901680561
JACKSON PARK,55079020000,1475,0.6967406707605102,0.19518327378589387
JOHNSON'S WOODS,55079012900,1515,0.4990118577075099,0.5161839863713799
JOHNSON'S WOODS,55079013000,1420,0.9299279633267845,0.4838160136286201
JUNEAU TOWN,55079011300,40,0.10443864229765012,0.12861736334405144
JUNEAU TOWN,55079014300,36,0.6206896551724138,0.1157556270096463
JUNEAU TOWN,55079014400,144,0.993103448275862,0.4630225080385852
JUNEAU TOWN,55079187400,91,0.20588235294117646,0.29260450160771706
KILBOURN TOWN,55079011400,1,0.002398081534772182,0.004784688995215311
KILBOURN TOWN,55079014100,13,0.21666666666666667,0.06220095693779904
KILBOURN TOWN,55079186300,188,0.9740932642487047,0.8995215311004785
KILBOURN TOWN,55079186400,7,0.1590909090909091,0.03349282296650718
KING PARK,55079014600,166,0.503030303030303,0.22015915119363394
KING PARK,55079185900,222,0.23922413793103448,0.29442970822281167
KING PARK,55079186200,366,0.4331360946745562,0.4854111405835544
KOPS PARK,55079005300,1279,0.5789950203712086,0.3555740895190436
KOPS PARK,55079005400,2318,0.6226161697555734,0.6444259104809563
LAND BANK,55079000102,217,0.15217391304347827,0.8966942148760331
LAND BANK,55079000700,25,0.014749262536873156,0.10330578512396695
LAYTON PARK,55079017200,2006,1,0.30523432744978696
LAYTON PARK,55079017300,2918,1,0.44400486914181375
LAYTON PARK,55079018900,1420,1,0.21606816798539258
LAYTON PARK,55079019000,12,0.0028268551236749115,0.0018259281801582471
LAYTON PARK,55079020000,216,0.10203117619272556,0.032866707242848445
LENOX HEIGHTS,55079005000,522,0.10749588138385502,0.3367741935483871
LENOX HEIGHTS,55079005800,662,0.20451034908866234,0.4270967741935484
LENOX HEIGHTS,55079005900,366,0.10562770562770563,0.2361290322580645
LINCOLN CREEK,55079002700,135,0.06859756097560976,0.022207599934199705
LINCOLN CREEK,55079003100,1426,0.4074285714285714,0.2345780556012502
LINCOLN CREEK,55079003200,1,3.549875754348598e-4,1.6450074025333114e-4
LINCOLN CREEK,55079003600,765,0.42102366538249864,0.12584306629379832
LINCOLN CREEK,55079004000,1708,1,0.2809672643526896
LINCOLN CREEK,55079004100,2044,0.8613569321533924,0.33623951307780886
LINCOLN PARK,55079002200,1045,0.5364476386036962,0.23541338139220544
LINCOLN PARK,55079002300,3394,0.9994110718492344,0.7645866186077945
LINCOLN VILLAGE,55079017500,2873,1,0.3203970112635218
LINCOLN VILLAGE,55079017600,2211,1,0.2465707594513215
LINCOLN VILLAGE,55079018600,1227,0.646810753821824,0.13683506189360992
LINCOLN VILLAGE,55079018700,1418,0.5816242821985234,0.15813538530166166
LINCOLN VILLAGE,55079186600,1238,0.7471333735666867,0.13806178208988512
LINDSAY PARK,55079003300,1729,0.4188468992248062,0.45632092900501453
LINDSAY PARK,55079003400,2060,0.4767414950242999,0.5436790709949855
LITTLE MENOMONEE PARKWAY,55079000303,876,0.45839874411302983,0.9358974358974359
LITTLE MENOMONEE PARKWAY,55079000502,60,0.02771362586605081,0.0641025641025641
LONG VIEW,55079001700,2046,0.6308973172987974,0.6570327552986512
LONG VIEW,55079003000,1068,0.2826144482667372,0.34296724470134876
LOWER EAST SIDE,55079010800,1046,1,0.2598112270243418
LOWER EAST SIDE,55079011000,694,0.9572413793103448,0.17237953303527073
LOWER EAST SIDE,55079011100,517,0.9365942028985508,0.1284153005464481
LOWER EAST SIDE,55079011200,1309,1,0.3251366120218579
LOWER EAST SIDE,55079011300,338,0.8825065274151436,0.08395429706905116
LOWER EAST SIDE,55079186900,2,0.0273972602739726,4.967709885742673e-4
LOWER EAST SIDE,55079187000,120,0.20761245674740483,0.029806259314456036
LYONS PARK,55079019800,1515,0.3213149522799576,1
MACK ACRES,55079000304,218,0.058040468583599576,1
MAITLAND PARK,55079021700,1041,0.1880758807588076,1
MAPLE TREE,55079000302,1052,0.6052934407364787,1
MARQUETTE,55079014700,2,0.005420054200542005,1
MARTIN DRIVE,55079012300,426,0.5496774193548387,0.24912280701754386
MARTIN DRIVE,55079012400,1284,0.5301403798513625,0.7508771929824561
MC GOVERN PARK,55079001900,2084,0.7905918057663126,0.6557583385777218
MC GOVERN PARK,55079002000,1094,0.5126522961574508,0.3442416614222782
MELODY VIEW,55079000102,758,0.5315568022440392,1
MENOMONEE RIVER HILLS,55079000304,2655,0.7068690095846646,0.41003861003861003
MENOMONEE RIVER HILLS,55079000502,51,0.023556581986143188,0.007876447876447876
MENOMONEE RIVER HILLS,55079000600,2746,0.5271645229410635,0.4240926640926641
MENOMONEE RIVER HILLS,55079001400,1023,0.9922405431619786,0.157992277992278
MENOMONEE RIVER HILLS EAST,55079000304,10,0.0026624068157614484,0.004032258064516129
MENOMONEE RIVER HILLS EAST,55079000600,2448,0.4699558456517566,0.9870967741935484
MENOMONEE RIVER HILLS EAST,55079001200,1,5.249343832020997e-4,4.032258064516129e-4
MENOMONEE RIVER HILLS EAST,55079001300,21,0.005952380952380952,0.008467741935483872
MENOMONEE RIVER PARKWAY,55079002200,722,0.37063655030800824,1
MENOMONEE RIVER VALLEY,55079014900,12,0.024,0.08391608391608392
MENOMONEE RIVER VALLEY,55079186400,19,0.4318181818181818,0.13286713286713286
MENOMONEE RIVER VALLEY,55079186800,80,0.18475750577367206,0.5594405594405595
MENOMONEE RIVER VALLEY,55079187400,32,0.07239819004524888,0.22377622377622378
MERRILL PARK,55079013300,543,0.5171428571428571,0.22465866776996277
MERRILL PARK,55079013400,1665,1,0.6888705006206041
MERRILL PARK,55079014900,209,0.418,0.08647083160943318
METCALFE PARK,55079006200,562,0.221608832807571,0.25510667271901954
METCALFE PARK,55079008800,259,0.1479154768703598,0.11756695415342715
METCALFE PARK,55079008900,606,0.5020712510356256,0.27507943713118477
METCALFE PARK,55079009000,248,0.11860353897656624,0.11257376305038584
METCALFE PARK,55079009800,330,0.2665589660743134,0.14979573309123922
METCALFE PARK,55079009900,198,0.15195702225633154,0.08987743985474353
MIDTOWN,55079009700,582,0.40501043841336115,0.10562613430127042
MIDTOWN,55079009800,92,0.07431340872374798,0.016696914700544463
MIDTOWN,55079009900,827,0.634689178818112,0.1500907441016334
MIDTOWN,55079012200,464,0.22879684418145957,0.08421052631578947
MIDTOWN,55079013700,291,0.4866220735785953,0.05281306715063521
MIDTOWN,55079014800,201,0.40606060606060607,0.03647912885662432
MIDTOWN,55079185400,248,0.16859279401767505,0.04500907441016334
MIDTOWN,55079185800,1477,1,0.26805807622504535
MIDTOWN,55079186100,1328,1,0.241016333938294
MILL VALLEY,55079000301,148,0.11314984709480122,1
MILLER VALLEY,55079012300,349,0.4503225806451613,0.6993987975951904
MILLER VALLEY,55079012400,128,0.05284888521882741,0.2565130260521042
MILLER VALLEY,55079012500,22,0.01059220028887819,0.04408817635270541
MITCHELL FIELD,55079021000,173,0.07205331112036652,0.6431226765799256
MITCHELL FIELD,55079021700,96,0.017344173441734417,0.35687732342007433
MITCHELL PARK,55079186800,48,0.11085450346420324,1
MITCHELL WEST,55079021200,99,0.06462140992167102,0.044
MITCHELL WEST,55079021400,578,0.3755685510071475,0.2568888888888889
MITCHELL WEST,55079021600,1573,0.5314189189189189,0.6991111111111111
MORGAN HEIGHTS,55079019500,1935,0.5414101846670397,1
MORGANDALE,55079018500,1,5.268703898840885e-4,1.1536686663590217e-4
MORGANDALE,55079020100,972,0.43142476697736354,0.1121365943700969
MORGANDALE,55079020200,1284,0.4579172610556348,0.1481310567604984
MORGANDALE,55079020300,3890,1,0.44877711121365943
MORGANDALE,55079020400,1264,0.46901669758812614,0.14582371942778033
MORGANDALE,55079020500,1257,0.47885714285714287,0.14501615136132903
MOUNT MARY,55079005400,181,0.0486167069567553,0.08190045248868778
MOUNT MARY,55079005500,679,0.16573102269953624,0.3072398190045249
MOUNT MARY,55079005600,1350,0.5519215044971382,0.6108597285067874
MOUNT OLIVET,55079020000,143,0.0675484175720359,1
MURRAY HILL,55079007500,498,0.1324468085106383,0.20977253580454927
MURRAY HILL,55079007600,287,0.2403685092127303,0.12089300758213985
MURRAY HILL,55079007700,1158,0.5721343873517787,0.4877843302443134
MURRAY HILL,55079007800,431,0.1562726613488035,0.18155012636899748
MUSKEGO WAY,55079016200,889,0.38770170082860883,0.11166938826780555
MUSKEGO WAY,55079016300,2153,0.6330491032049397,0.27044341163170454
MUSKEGO WAY,55079016900,2660,1,0.3341288782816229
MUSKEGO WAY,55079017000,2259,0.543944136768601,0.28375832181886695
NASH PARK,55079005200,1749,1,0.6528555431131019
NASH PARK,55079005300,930,0.4210049796287913,0.3471444568868981
NATIONAL PARK,55079015900,1259,0.5519508987286278,0.6317109884596086
NATIONAL PARK,55079016200,573,0.24989097252507633,0.2875062719518314
NATIONAL PARK,55079186800,161,0.371824480369515,0.08078273958855996
NEW COELN,55079021700,560,0.1011743450767841,1
NORTH DIVISION,55079006600,1419,0.5451402228198233,0.21380141630254634
NORTH DIVISION,55079006700,373,0.28560490045941805,0.05620009040229019
NORTH DIVISION,55079008400,1168,1,0.17598312490583096
NORTH DIVISION,55079008500,979,1,0.14750640349555522
NORTH DIVISION,55079008600,1242,1,0.18713274069609764
NORTH DIVISION,55079185400,540,0.36709721278042146,0.08136206117221637
NORTH DIVISION,55079185500,916,0.6473498233215548,0.13801416302546332
NORTH GRANVILLE,55079000201,202,0.2112970711297071,1
NORTH MEADOWS,55079000201,334,0.3493723849372385,1
NORTHPOINT,55079007500,415,0.11037234042553191,0.22444564629529476
NORTHPOINT,55079007600,907,0.7596314907872697,0.4905354245538129
NORTHPOINT,55079186900,69,0.9452054794520548,0.03731746890210925
NORTHPOINT,55079187000,458,0.7923875432525952,0.24770146024878312
NORTHRIDGE,55079000101,639,0.5803814713896458,1
NORTHRIDGE LAKES,55079000101,152,0.13805631244323344,1
OLD NORTH MILWAUKEE,55079002000,1040,0.4873477038425492,0.1040936843158843
OLD NORTH MILWAUKEE,55079002100,1974,1,0.19757782003803423
OLD NORTH MILWAUKEE,55079002200,181,0.09291581108829569,0.018116304674206787
OLD NORTH MILWAUKEE,55079002400,1747,1,0.17485737163447101
OLD NORTH MILWAUKEE,55079002500,1740,1,0.17415674106696027
OLD NORTH MILWAUKEE,55079002600,2656,1,0.2658392553297968
OLD NORTH MILWAUKEE,55079004100,137,0.05773282764433207,0.013712341106996297
OLD NORTH MILWAUKEE,55079004200,516,0.21976149914821125,0.05164648183365029
PARK KNOLL,55079000301,1160,0.8868501529051988,0.8238636363636364
PARK KNOLL,55079000501,248,0.08831908831908832,0.17613636363636365
PARK PLACE,55079000202,318,0.06689103912494741,1
PARK VIEW,55079186200,479,0.5668639053254438,1
PARK WEST,55079006300,569,0.2555006735518635,0.10146219686162625
PARK WEST,55079006400,1481,0.7442211055276382,0.2640870185449358
PARK WEST,55079008700,1336,1,0.23823109843081314
PARK WEST,55079008800,1492,0.8520845231296402,0.2660485021398003
PARK WEST,55079008900,106,0.08782104391052195,0.018901569186875893
PARK WEST,55079009900,278,0.21335379892555642,0.049572039942938656
PARK WEST,55079185400,346,0.23521414004078858,0.061697574893009983
PARKWAY HILLS,55079000502,499,0.2304849884526559,0.9842209072978304
PARKWAY HILLS,55079001400,8,0.007759456838021339,0.015779092702169626
PHEASANT RUN,55079000202,1802,0.37904922170803534,1
POLLBER HEIGHTS,55079000102,278,0.1949509116409537,1
POLONIA,55079018500,11,0.005795574288724974,0.002414398595258999
POLONIA,55079018600,670,0.35318924617817604,0.14705882352941177
POLONIA,55079018700,1020,0.41837571780147664,0.22388059701492538
POLONIA,55079020100,56,0.024855747891699954,0.012291483757682178
POLONIA,55079020400,1431,0.5309833024118739,0.3140913081650571
POLONIA,55079020500,1368,0.5211428571428571,0.30026338893766463
RED OAK HEIGHTS,55079019700,745,0.16136019059995668,1
RIDGEVIEW,55079000101,307,0.27883742052679383,1
RIVER BEND,55079019600,1595,0.48672566371681414,1
RIVERSIDE PARK,55079007700,866,0.4278656126482213,0.8668668668668669
RIVERSIDE PARK,55079007800,133,0.048223350253807105,0.13313313313313313
RIVERTON HEIGHTS,55079000202,858,0.1804795961295751,1
RIVERWEST,55079004400,173,0.08968377397615344,0.01701918347270044
RIVERWEST,55079007100,1991,1,0.1958681751106739
RIVERWEST,55079007200,2567,1,0.2525332021642892
RIVERWEST,55079007900,1695,1,0.16674864731923267
RIVERWEST,55079008000,1960,1,0.1928184948352189
RIVERWEST,55079010700,1779,1,0.1750122970978849
ROLLING GREEN,55079019700,1728,0.3742690058479532,1
ROOSEVELT GROVE,55079003800,855,0.37401574803149606,0.16666666666666666
ROOSEVELT GROVE,55079003900,2651,1,0.5167641325536062
ROOSEVELT GROVE,55079004700,3,7.94912559618442e-4,5.847953216374269e-4
ROOSEVELT GROVE,55079004800,1121,0.2958564264977567,0.21851851851851853
ROOSEVELT GROVE,55079006300,500,0.224517287831163,0.09746588693957114
ROOT CREEK,55079019800,1393,0.29544008483563095,0.9971367215461704
ROOT CREEK,55079019900,4,0.001105583195135434,0.002863278453829635
RUFUS KING,55079002300,2,5.889281507656066e-4,4.084967320261438e-4
RUFUS KING,55079004300,4894,0.9382668711656442,0.9995915032679739
SAINT JOSEPH,55079004900,1471,0.31716257007330745,0.21744271988174427
SAINT JOSEPH,55079005000,1555,0.32022240527182866,0.22985957132298596
SAINT JOSEPH,55079005900,1427,0.41183261183261183,0.21093865484109386
SAINT JOSEPH,55079006000,1328,0.5337620578778135,0.19630450849963046
SAINT JOSEPH,55079006100,984,0.3821359223300971,0.14545454545454545
SAVELAND PARK,55079018500,1814,0.9557428872497366,1
SCHLITZ PARK,55079011400,14,0.03357314148681055,1
SERVITE WOODS,55079000102,16,0.011220196353436185,1
SHERMAN PARK,55079004800,2668,0.7041435735022433,0.3943245639964528
SHERMAN PARK,55079006100,827,0.3211650485436893,0.122228791013893
SHERMAN PARK,55079006200,1974,0.7783911671924291,0.29175288205734556
SHERMAN PARK,55079006300,59,0.026493039964077234,0.008720070942950044
SHERMAN PARK,55079008900,495,0.4101077050538525,0.07315991723322494
SHERMAN PARK,55079009000,462,0.22094691535150646,0.06828258941767662
SHERMAN PARK,55079009100,281,0.12831050228310503,0.04153118533845699
SILVER CITY,55079016000,2354,1,0.6458161865569273
SILVER CITY,55079016100,1254,0.4659977703455964,0.3440329218106996
SILVER CITY,55079186800,37,0.08545034642032333,0.010150891632373114
SILVER SPRING,55079001200,1344,0.705511811023622,0.15031875629124258
SILVER SPRING,55079001300,3507,0.9940476190476191,0.3922380046974611
SILVER SPRING,55079001500,1750,0.7234394377842084,0.19572754725422212
SILVER SPRING,55079001600,21,0.013843111404087014,0.0023487305670506654
SILVER SPRING,55079001800,1767,0.9730176211453745,0.197628900570406
SILVER SPRING,55079001900,552,0.2094081942336874,0.061738060619617494
SILVER SWAN,55079000502,1367,0.6314087759815242,0.6714145383104125
SILVER SWAN,55079001500,669,0.27656056221579167,0.3285854616895874
SOUTHGATE,55079020000,268,0.12659423712801135,0.18268575323790048
SOUTHGATE,55079020100,1199,0.532179316466933,0.8173142467620995
SOUTHPOINT,55079020000,15,0.007085498346717053,0.009771986970684038
SOUTHPOINT,55079020200,1520,0.5420827389443652,0.990228013029316
ST. AMELIAN'S,55079005400,1224,0.3287671232876712,1
STORY HILL,55079012500,1866,0.8984111699566683,0.9815886375591794
STORY HILL,55079012600,35,0.014193025141930252,0.01841136244082062
SUNSET HEIGHTS,55079003800,229,0.10017497812773403,0.04967462039045553
SUNSET HEIGHTS,55079004900,3158,0.6808969383354895,0.6850325379609544
SUNSET HEIGHTS,55079005000,1223,0.2518533772652389,0.26529284164859
THE VALLEY / PIGSVILLE,55079012500,2,9.629272989889263e-4,0.003929273084479371
THE VALLEY / PIGSVILLE,55079013300,507,0.4828571428571429,0.9960707269155207
THURSTON WOODS,55079001000,3152,0.9955780164245104,0.8532755820249053
THURSTON WOODS,55079001100,542,0.33498145859085293,0.14672441797509475
TIMMERMAN AIRPORT,55079000501,183,0.06517094017094018,1
TIMMERMAN WEST,55079000400,935,1,0.30376868096166343
TIMMERMAN WEST,55079000501,2143,0.7631766381766382,0.6962313190383366
TIPPECANOE,55079020600,1609,0.4091024663107043,0.24112093511164392
TIPPECANOE,55079020700,2977,0.6058201058201058,0.44612618012887756
TIPPECANOE,55079020900,1421,0.5073188147090325,0.21294769968529897
TIPPECANOE,55079021100,666,0.402416918429003,0.09980518507417953
TOWN & COUNTRY MANOR,55079000800,651,0.16944299843831337,0.3276295923502768
TOWN & COUNTRY MANOR,55079000900,1336,0.6134067952249771,0.6723704076497232
TOWN OF LAKE,55079020900,1380,0.4926811852909675,0.2363013698630137
TOWN OF LAKE,55079021000,2228,0.9279466888796335,0.3815068493150685
TOWN OF LAKE,55079021100,989,0.5975830815709969,0.16934931506849316
TOWN OF LAKE,55079021200,1243,0.8113577023498695,0.21284246575342466
TRIANGLE,55079185400,21,0.014276002719238613,0.03910614525139665
TRIANGLE,55079185900,516,0.5560344827586207,0.9608938547486033
TRIANGLE NORTH,55079014100,1,0.016666666666666666,9.900990099009901e-4
TRIANGLE NORTH,55079185400,316,0.21481985044187626,0.31287128712871287
TRIANGLE NORTH,55079185500,498,0.3519434628975265,0.49306930693069306
TRIANGLE NORTH,55079185900,190,0.20474137931034483,0.18811881188118812
TRIANGLE NORTH,55079186000,5,0.016129032258064516,0.0049504950495049506
TRIPOLI PARK,55079000900,769,0.3530762167125803,1
UPPER EAST SIDE,55079007500,2847,0.7571808510638298,0.6392007184553211
UPPER EAST SIDE,55079007800,1607,0.5826686004350979,0.36079928154467894
UPTOWN,55079005900,1116,0.3220779220779221,0.19361554476058293
UPTOWN,55079006000,1160,0.4662379421221865,0.20124913254684246
UPTOWN,55079006100,764,0.2966990291262136,0.1325468424705066
UPTOWN,55079009100,882,0.40273972602739727,0.15301873698820265
UPTOWN,55079009200,589,0.3626847290640394,0.10218598195697433
UPTOWN,55079009300,1253,0.4523465703971119,0.21738376127689105
VALHALLA,55079000501,10,0.0035612535612535613,0.005737234652897304
VALHALLA,55079000502,188,0.08683602771362586,0.1078600114744693
VALHALLA,55079001600,1496,0.986156888595913,0.8582903040734366
VALHALLA,55079001800,49,0.026982378854625552,0.028112449799196786
VALLEY FORGE,55079012500,179,0.08618199325950891,1
VETERANS AFFAIRS,55079186800,1,0.0023094688221709007,1
VOGEL PARK,55079001700,1197,0.3691026827012026,1
WAHL PARK,55079002700,1833,0.9314024390243902,0.6763837638376384
WAHL PARK,55079003100,877,0.25057142857142856,0.3236162361623616
WALKER'S POINT,55079015700,2048,1,0.39016955610592496
WALKER'S POINT,55079016400,1205,0.4211814051031108,0.22956753667365212
WALKER'S POINT,55079016500,424,0.2459396751740139,0.08077729091255477
WALKER'S POINT,55079186500,1389,0.9442556084296397,0.2646218327300438
WALKER'S POINT,55079186800,106,0.24480369515011546,0.020194322728138692
WALKER'S POINT,55079187400,77,0.17420814479638008,0.014669460849685654
WALNUT HILL,55079009700,855,0.5949895615866388,0.40406427221172025
WALNUT HILL,55079009800,816,0.6591276252019386,0.3856332703213611
WALNUT HILL,55079012200,445,0.21942800788954636,0.21030245746691872
WASHINGTON HEIGHTS,55079009200,1035,0.6373152709359606,0.12605042016806722
WASHINGTON HEIGHTS,55079009300,1517,0.5476534296028881,0.18475216173425893
WASHINGTON HEIGHTS,55079009400,3013,1,0.36694677871148457
WASHINGTON HEIGHTS,55079009500,2646,1,0.32225063938618925
WASHINGTON PARK,55079009000,1381,0.6604495456719273,0.3131519274376417
WASHINGTON PARK,55079009100,1027,0.4689497716894977,0.2328798185941043
WASHINGTON PARK,55079009600,2002,1,0.45396825396825397
WEDGEWOOD,55079019700,1596,0.345679012345679,1
WEST VIEW,55079019400,1098,0.4546583850931677,1
WHISPERING HILLS,55079000102,33,0.02314165497896213,1
WHITE MANOR,55079019200,1654,0.49909474954737476,1
WICK FIELD,55079012400,583,0.24071015689512798,0.9982876712328768
WICK FIELD,55079012500,1,4.8146364949446316e-4,0.0017123287671232876
WILLIAMSBURG,55079004400,1688,0.8750648004147227,0.7050960735171261
WILLIAMSBURG,55079004500,706,0.29246064623032314,0.29490392648287383
WILSON PARK,55079021200,190,0.12402088772845953,0.08581752484191509
WILSON PARK,55079021300,1108,1,0.5004516711833785
WILSON PARK,55079021400,916,0.5951916829109811,0.4137308039747064
WOODLAND COURT,55079019700,548,0.11869179120641109,1
WYRICK PARK,55079000800,427,0.11114003123373244,1
YANKEE HILL,55079011000,31,0.04275862068965517,0.3229166666666667
YANKEE HILL,55079011100,35,0.06340579710144928,0.3645833333333333
YANKEE HILL,55079011300,5,0.013054830287206266,0.052083333333333336
YANKEE HILL,55079014300,22,0.3793103448275862,0.22916666666666666
YANKEE HILL,55079014400,1,0.006896551724137931,0.010416666666666666
YANKEE HILL,55079186900,2,0.0273972602739726,0.020833333333333332
