neighborhood,blockgroup,bedrooms,pct.of.blockgroup,pct.of.neighborhood
ALCOTT PARK,550790195001,614,0.41683638832315,0.3746186699206833
ALCOTT PARK,550790195002,1025,0.48786292241789625,0.6253813300793166
ALVERNO,550790191002,463,0.592071611253197,1
ARLINGTON GARDENS,550790033002,493,0.6369509043927648,0.19751602564102563
ARLINGTON GARDENS,550790033003,500,0.6090133982947625,0.20032051282051283
ARLINGTON GARDENS,550790034001,1330,0.9895833333333334,0.5328525641025641
ARLINGTON GARDENS,550790034002,173,0.15082824760244115,0.06931089743589744
ARLINGTON HEIGHTS,550790045002,957,1,0.21759890859481582
ARLINGTON HEIGHTS,550790045003,751,1,0.1707594361073215
ARLINGTON HEIGHTS,550790046001,815,1,0.18531150522964984
ARLINGTON HEIGHTS,550790046002,601,1,0.13665302410186447
ARLINGTON HEIGHTS,550790046003,625,1,0.1421100500227376
ARLINGTON HEIGHTS,550790046004,649,1,0.14756707594361074
AVENUES WEST,550790137001,134,0.31529411764705884,0.09344490934449093
AVENUES WEST,550790137002,173,1,0.1206415620641562
AVENUES WEST,550790146001,148,0.4713375796178344,0.10320781032078104
AVENUES WEST,550790146002,16,1,0.011157601115760111
AVENUES WEST,550790147001,267,1,0.18619246861924685
AVENUES WEST,550790147002,100,0.9803921568627451,0.0697350069735007
AVENUES WEST,550790148001,211,0.5121359223300971,0.14714086471408647
AVENUES WEST,550790148002,83,1,0.05788005578800558
AVENUES WEST,550790149001,118,0.6982248520710059,0.08228730822873083
AVENUES WEST,550790149002,161,0.486404833836858,0.11227336122733612
AVENUES WEST,550791863001,5,0.07246376811594203,0.003486750348675035
AVENUES WEST,550791864001,1,0.1,6.97350069735007e-4
AVENUES WEST,550791864002,17,0.5,0.011854951185495118
BARAN PARK,550791866001,188,0.24867724867724866,0.5179063360881543
BARAN PARK,550791866002,175,0.19422863485016648,0.4820936639118457
BAY VIEW,550790166002,11,0.0176,6.024426310312723e-4
BAY VIEW,550790179001,433,1,0.023714332657867352
BAY VIEW,550790179002,724,1,0.0396516786242401
BAY VIEW,550790179003,1279,1,0.07004764773536339
BAY VIEW,550790179004,582,1,0.031874691932745496
BAY VIEW,550790180001,2726,1,0.14929623747193166
BAY VIEW,550790181001,955,1,0.052302973875896816
BAY VIEW,550790181002,872,1,0.047757270387206306
BAY VIEW,550790182001,1114,1,0.0610110082698943
BAY VIEW,550790182002,936,1,0.051262391149570076
BAY VIEW,550790183001,972,1,0.053234021578399696
BAY VIEW,550790183002,906,1,0.04961936579221206
BAY VIEW,550790183003,797,1,0.04364970699381127
BAY VIEW,550790184001,874,1,0.047866805411030174
BAY VIEW,550790184002,688,1,0.03768004819541048
BAY VIEW,550790185001,72,0.07851690294438386,0.003943260857659237
BAY VIEW,550790206001,1107,0.597732181425486,0.060627635686510764
BAY VIEW,550790206002,1217,0.584814992791927,0.06665206199682348
BAY VIEW,550790207001,783,1,0.042882961827044194
BAY VIEW,550790207005,233,0.33428981348637016,0.012760830275480585
BAY VIEW,550790207006,921,1,0.05044087847089107
BAY VIEW,550790208001,1,0.0015290519877675841,5.476751191193384e-5
BAY VIEW,550791866001,56,0.07407407407407407,0.003066980667068295
BLUEMOUND HEIGHTS,550790125001,7,0.009575923392612859,0.002102102102102102
BLUEMOUND HEIGHTS,550790126001,840,0.96,0.25225225225225223
BLUEMOUND HEIGHTS,550790126002,731,1,0.2195195195195195
BLUEMOUND HEIGHTS,550790126003,860,1,0.25825825825825827
BLUEMOUND HEIGHTS,550790129001,160,0.13212221304706853,0.04804804804804805
BLUEMOUND HEIGHTS,550790129002,625,0.573921028466483,0.18768768768768768
BLUEMOUND HEIGHTS,550790130001,107,0.10615079365079365,0.03213213213213213
BORCHERT FIELD,550790066001,1183,1,0.34102046699336985
BORCHERT FIELD,550790066002,1,0.0017421602787456446,2.882675122513693e-4
BORCHERT FIELD,550790067001,182,0.38396624472573837,0.05246468722974921
BORCHERT FIELD,550790068001,224,0.5346062052505967,0.06457192274430672
BORCHERT FIELD,550790068002,547,1,0.157682329201499
BORCHERT FIELD,550790068003,714,1,0.20582300374747767
BORCHERT FIELD,550790068004,618,1,0.17814932257134622
BRADLEY ESTATES,550790007001,822,1,0.5143929912390488
BRADLEY ESTATES,550790007002,769,1,0.4812265331664581
BRADLEY ESTATES,550790007003,7,0.0673076923076923,0.004380475594493116
BREWER'S HILL,550790106002,613,1,0.42363510711817554
BREWER'S HILL,550790114001,402,0.9640287769784173,0.2778161713890809
BREWER'S HILL,550791856002,432,1,0.2985487214927436
BRYNWOOD,550790007003,72,0.6923076923076923,1
BUCHEL PARK,550790001022,41,0.032081377151799685,1
BURNHAM PARK,550790161001,281,0.44462025316455694,0.049463122689667315
BURNHAM PARK,550790161002,564,0.5725888324873096,0.09927829607463474
BURNHAM PARK,550790161003,592,0.5512104283054003,0.10420700580883648
BURNHAM PARK,550790162003,304,0.4627092846270928,0.05351170568561873
BURNHAM PARK,550790170004,1024,1,0.18024995599366309
BURNHAM PARK,550790170005,870,1,0.1531420524555536
BURNHAM PARK,550790171001,1215,1,0.21387079739482487
BURNHAM PARK,550790171002,831,1,0.1462770638972012
CALUMET FARMS,550790002023,1236,0.7953667953667953,1
CAMBRIDGE HEIGHTS,550790073001,376,0.3868312757201646,0.1917389087200408
CAMBRIDGE HEIGHTS,550790073002,390,0.5165562913907285,0.1988781234064253
CAMBRIDGE HEIGHTS,550790073003,608,1,0.3100458949515553
CAMBRIDGE HEIGHTS,550790078001,333,0.36836283185840707,0.16981132075471697
CAMBRIDGE HEIGHTS,550790078002,254,0.3163138231631382,0.1295257521672616
CANNON PARK,550790128001,1125,1,0.7973068745570517
CANNON PARK,550790128002,286,0.2894736842105263,0.20269312544294826
CAPITOL HEIGHTS,550790031002,1,0.0012515644555694619,1.7866714311238162e-4
CAPITOL HEIGHTS,550790031003,264,0.2979683972911964,0.04716812578166875
CAPITOL HEIGHTS,550790031004,932,1,0.1665177773807397
CAPITOL HEIGHTS,550790032001,242,0.23336547733847637,0.043237448633196354
CAPITOL HEIGHTS,550790032002,82,0.08788853161843516,0.014650705735215293
CAPITOL HEIGHTS,550790034001,14,0.010416666666666666,0.002501340003573343
CAPITOL HEIGHTS,550790035001,757,1,0.1352510273360729
CAPITOL HEIGHTS,550790035002,1260,1,0.22512060032160086
CAPITOL HEIGHTS,550790035003,822,1,0.1468643916383777
CAPITOL HEIGHTS,550790035004,673,1,0.12024298731463284
CAPITOL HEIGHTS,550790036001,24,0.023010546500479387,0.004288011434697159
CAPITOL HEIGHTS,550790036002,526,0.6795865633074936,0.09397891727711274
CASTLE MANOR,550790214001,15,0.016339869281045753,0.006634232640424591
CASTLE MANOR,550790214002,30,0.04830917874396135,0.013268465280849183
CASTLE MANOR,550790215001,867,1,0.38345864661654133
CASTLE MANOR,550790215003,1016,1,0.44935869084475893
CASTLE MANOR,550790216002,333,0.22839506172839505,0.14727996461742593
CLARKE SQUARE,550790158001,522,1,0.1116816431322208
CLARKE SQUARE,550790158002,631,1,0.13500213949507917
CLARKE SQUARE,550790158003,724,1,0.15489944373127942
CLARKE SQUARE,550790159001,346,0.4271604938271605,0.0740265297389816
CLARKE SQUARE,550790159002,183,0.18711656441717792,0.03915275994865212
CLARKE SQUARE,550790159003,493,1,0.10547710740265297
CLARKE SQUARE,550790162001,445,0.4790096878363832,0.09520753102267865
CLARKE SQUARE,550790162002,82,0.11598302687411598,0.017543859649122806
CLARKE SQUARE,550790163001,522,0.5370370370370371,0.1116816431322208
CLARKE SQUARE,550790163004,726,0.5995045417010735,0.15532734274711169
CLAYTON CREST,550790215002,1313,1,0.7278270509977827
CLAYTON CREST,550790216002,491,0.33676268861454045,0.2721729490022173
CLOCK TOWER ACRES,550790165003,545,0.8847402597402597,0.4702329594477998
CLOCK TOWER ACRES,550790166002,614,0.9824,0.5297670405522001
COLD SPRING PARK,550790122002,579,1,0.41654676258992807
COLD SPRING PARK,550790122003,540,0.5702217529039071,0.38848920863309355
COLD SPRING PARK,550790136001,271,0.4847942754919499,0.1949640287769784
COLLEGE HEIGHTS,550790217004,960,1,1
COLUMBUS PARK,550790032001,794,0.7656702025072324,0.20369420215495126
COLUMBUS PARK,550790032002,851,0.9121114683815649,0.21831708568496666
COLUMBUS PARK,550790032003,847,1,0.2172909184197024
COLUMBUS PARK,550790033001,804,1,0.20625962031811185
COLUMBUS PARK,550790033002,281,0.36304909560723514,0.07208825038481273
COLUMBUS PARK,550790033003,321,0.3909866017052375,0.0823499230374551
CONCORDIA,550790135001,210,1,0.20689655172413793
CONCORDIA,550790135002,133,1,0.1310344827586207
CONCORDIA,550790136001,288,0.5152057245080501,0.28374384236453204
CONCORDIA,550790136002,384,1,0.3783251231527094
COOPER PARK,550790056001,1096,0.7789623312011372,0.2951791004578508
COOPER PARK,550790057001,1221,1,0.3288446000538648
COOPER PARK,550790057002,1396,1,0.3759762994882844
COPERNICUS PARK,550790217002,1220,0.8597603946441156,1
DINEEN PARK,550790036002,147,0.18992248062015504,0.0506198347107438
DINEEN PARK,550790037002,390,0.3263598326359833,0.13429752066115702
DINEEN PARK,550790051001,1108,1,0.38154269972451793
DINEEN PARK,550790051002,546,1,0.18801652892561985
DINEEN PARK,550790051003,713,1,0.24552341597796143
DOWNER WOODS,550790073001,596,0.6131687242798354,0.21285714285714286
DOWNER WOODS,550790073002,365,0.48344370860927155,0.13035714285714287
DOWNER WOODS,550790074001,876,1,0.31285714285714283
DOWNER WOODS,550790074002,963,1,0.3439285714285714
DRETZKA PARK,550790002011,129,0.29723502304147464,1
ENDERIS PARK,550790058001,585,0.4759967453213995,0.18684126477163845
ENDERIS PARK,550790058002,883,1,0.28201852443308845
ENDERIS PARK,550790058003,1107,0.984,0.3535611625678697
ENDERIS PARK,550790059002,243,0.26017130620985013,0.07761098690514212
ENDERIS PARK,550790059003,141,0.21826625386996903,0.04503353561162568
ENDERIS PARK,550790059004,172,0.21966794380587484,0.05493452571063558
ESTABROOK PARK,550790044001,65,0.2559055118110236,0.9701492537313433
ESTABROOK PARK,550790044003,2,0.0033783783783783786,0.029850746268656716
EUCLID PARK,550790194001,1317,1,1
FAIR PARK,550790128002,702,0.7105263157894737,0.48817802503477054
FAIR PARK,550790129003,736,1,0.5118219749652295
FAIRFIELD,550790008002,25,0.009044862518089725,0.022747952684258416
FAIRFIELD,550790009002,73,0.09263959390862944,0.06642402183803457
FAIRFIELD,550790010001,14,0.03036876355748373,0.012738853503184714
FAIRFIELD,550790011001,987,0.9172862453531598,0.8980891719745223
FAIRVIEW,550790192003,241,0.30739795918367346,0.05492251595259799
FAIRVIEW,550790192004,1007,1,0.22948951686417501
FAIRVIEW,550790193001,866,1,0.19735642661804922
FAIRVIEW,550790193002,815,1,0.1857338195077484
FAIRVIEW,550790193003,726,1,0.16545123062898814
FAIRVIEW,550790193004,733,1,0.1670464904284412
FERNWOOD,550790208001,653,0.9984709480122325,0.17615322363096844
FERNWOOD,550790208002,899,1,0.24251416239546802
FERNWOOD,550790208003,691,1,0.18640410035068788
FERNWOOD,550790208004,735,1,0.1982735365524683
FERNWOOD,550790208005,729,1,0.19665497707040733
FLORIST HIGHLANDS,550790003031,1035,1,0.8220810166799047
FLORIST HIGHLANDS,550790005011,224,0.42994241842610365,0.17791898332009531
FOREST HOME HILLS,550790174001,1003,1,0.27768549280177185
FOREST HOME HILLS,550790174002,1078,1,0.29844961240310075
FOREST HOME HILLS,550790188001,588,1,0.16279069767441862
FOREST HOME HILLS,550790188002,917,1,0.25387596899224807
FOREST HOME HILLS,550790201001,22,0.019748653500897665,0.006090808416389812
FOREST HOME HILLS,550790201003,4,0.0039100684261974585,0.0011074197120708748
FRANKLIN HEIGHTS,550790047001,728,1,0.09460688758934373
FRANKLIN HEIGHTS,550790047002,755,1,0.09811565951916829
FRANKLIN HEIGHTS,550790047003,1124,1,0.14606887589343728
FRANKLIN HEIGHTS,550790047004,1164,0.9974293059125964,0.15126705653021444
FRANKLIN HEIGHTS,550790063001,1099,1,0.14282001299545158
FRANKLIN HEIGHTS,550790064001,509,1,0.06614684860298896
FRANKLIN HEIGHTS,550790065001,544,1,0.07069525666016895
FRANKLIN HEIGHTS,550790065002,654,1,0.08499025341130605
FRANKLIN HEIGHTS,550790065003,602,1,0.07823261858349578
FRANKLIN HEIGHTS,550790065004,516,1,0.06705653021442495
FREEDOM VILLAGE,550790001023,60,0.5172413793103449,1
GARDEN HOMES,550790041001,192,0.34408602150537637,0.09486166007905138
GARDEN HOMES,550790042001,393,0.8891402714932126,0.1941699604743083
GARDEN HOMES,550790042002,762,1,0.37648221343873517
GARDEN HOMES,550790042003,419,1,0.20701581027667984
GARDEN HOMES,550790042004,258,0.35586206896551725,0.1274703557312253
GOLDEN GATE,550790003041,873,0.7705207413945278,1
GOLDEN VALLEY,550790034004,213,0.34299516908212563,0.05866152575048196
GOLDEN VALLEY,550790055001,760,1,0.20930873037730652
GOLDEN VALLEY,550790055002,835,1,0.2299641971908565
GOLDEN VALLEY,550790055003,261,0.2776595744680851,0.07188102451115395
GOLDEN VALLEY,550790055004,792,1,0.21812172955108786
GOLDEN VALLEY,550790055005,770,1,0.2120627926191132
GOLDMAN PARK,550790217002,199,0.14023960535588442,0.12002412545235223
GOLDMAN PARK,550790217003,1459,1,0.8799758745476478
GRA-RAM,550790218001,274,1,0.1696594427244582
GRA-RAM,550790218002,635,1,0.3931888544891641
GRA-RAM,550790218003,706,1,0.4371517027863777
GRACELAND,550790006005,15,0.022590361445783132,0.005274261603375527
GRACELAND,550790008002,2739,0.9909551374819102,0.9630801687763713
GRACELAND,550790011001,89,0.08271375464684015,0.03129395218002813
GRACELAND,550790012001,1,0.0012919896640826874,3.5161744022503517e-4
GRANTOSA,550790034004,408,0.6570048309178744,0.768361581920904
GRANTOSA,550790034005,123,1,0.23163841807909605
GRANVILLE STATION,550790002011,280,0.6451612903225806,0.3369434416365824
GRANVILLE STATION,550790002012,11,0.02111324376199616,0.013237063778580024
GRANVILLE STATION,550790002021,236,0.11579980372914622,0.28399518652226236
GRANVILLE STATION,550790002022,304,0.26161790017211706,0.3658243080625752
GRANVILLE WOODS,550790001023,23,0.19827586206896552,1
GRASSLYN MANOR,550790036001,254,0.24352828379674019,0.048874350586877044
GRASSLYN MANOR,550790036002,101,0.13049095607235142,0.019434289012892052
GRASSLYN MANOR,550790037001,1270,1,0.24437175293438523
GRASSLYN MANOR,550790037002,805,0.6736401673640168,0.1548970559938426
GRASSLYN MANOR,550790038001,148,0.23197492163009403,0.028477968058495284
GRASSLYN MANOR,550790038002,364,0.416,0.07004040792765057
GRASSLYN MANOR,550790038003,690,0.8926261319534282,0.13276890513757938
GRASSLYN MANOR,550790049003,9,0.009544008483563097,0.00173176832788147
GRASSLYN MANOR,550790050001,259,0.17923875432525951,0.04983644410236675
GRASSLYN MANOR,550790050004,1297,1,0.24956705791802963
GREEN MOOR,550790199004,641,0.993798449612403,1
GROVER HEIGHTS,550790043002,322,0.36884306987399773,0.9969040247678018
GROVER HEIGHTS,550790044003,1,0.0016891891891891893,0.0030959752321981426
HALYARD PARK,550791855001,1,0.001430615164520744,0.002331002331002331
HALYARD PARK,550791856001,251,0.3803030303030303,0.585081585081585
HALYARD PARK,550791860001,177,0.5709677419354838,0.4125874125874126
HAMPTON HEIGHTS,550790028001,867,1,0.12827341322680869
HAMPTON HEIGHTS,550790028002,1063,1,0.1572717857671253
HAMPTON HEIGHTS,550790029001,905,1,0.13389554667850273
HAMPTON HEIGHTS,550790029002,1213,1,0.17946441781328598
HAMPTON HEIGHTS,550790030001,908,1,0.13433939931942596
HAMPTON HEIGHTS,550790030002,803,1,0.11880455688711347
HAMPTON HEIGHTS,550790030003,1000,1,0.14795088030773784
HARAMBEE,550790067001,292,0.6160337552742616,0.028788326924972886
HARAMBEE,550790067002,459,0.5516826923076923,0.04525288376220053
HARAMBEE,550790068001,195,0.46539379474940334,0.01922508133688258
HARAMBEE,550790069001,624,1,0.06152026027802426
HARAMBEE,550790069002,590,1,0.058168194814157546
HARAMBEE,550790069003,973,1,0.09592822636300898
HARAMBEE,550790070001,695,1,0.06852016168786355
HARAMBEE,550790070002,745,1,0.07344966972296164
HARAMBEE,550790070003,528,1,0.05205560485063591
HARAMBEE,550790070004,489,1,0.04821058858325939
HARAMBEE,550790081001,483,1,0.047619047619047616
HARAMBEE,550790081002,705,1,0.06950606329488317
HARAMBEE,550790106001,544,1,0.053633047421867294
HARAMBEE,550791856001,409,0.6196969696969697,0.040323375727102435
HARAMBEE,550791856003,433,1,0.04268953958394952
HARAMBEE,550791857001,868,1,0.08557625948930296
HARAMBEE,550791857002,560,1,0.05521048999309869
HARAMBEE,550791857003,551,1,0.05432317854678103
HARBOR VIEW,550790165003,35,0.056818181818181816,0.24305555555555555
HARBOR VIEW,550791865001,82,0.09001097694840834,0.5694444444444444
HARBOR VIEW,550791874001,27,0.06108597285067873,0.1875
HARDER'S OAKS,550790191001,466,0.49156118143459915,1
HAVENWOODS,550790012001,559,0.7222222222222222,1
HAWLEY FARMS,550790198001,1110,1,0.6142778085224129
HAWLEY FARMS,550790198004,333,0.4536784741144414,0.18428334255672385
HAWLEY FARMS,550790198005,364,0.2776506483600305,0.2014388489208633
HAWTHORNE GLEN,550790124002,427,0.42277227722772276,1
HAYMARKET,550790141001,34,0.5666666666666667,0.85
HAYMARKET,550791860001,6,0.01935483870967742,0.15
HERITAGE HEIGHTS,550790003021,686,0.3947065592635213,1
HIGHWOOD ESTATES,550790196003,697,1,0.41438763376932225
HIGHWOOD ESTATES,550790196004,985,1,0.5856123662306778
HILLSIDE,550790141001,12,0.2,0.08955223880597014
HILLSIDE,550791860001,122,0.3935483870967742,0.9104477611940298
HILLTOP PARISH,550790001012,3,0.005758157389635317,1
HISTORIC MITCHELL STREET,550790164002,849,1,0.11880772460117549
HISTORIC MITCHELL STREET,550790164003,807,1,0.11293031066330815
HISTORIC MITCHELL STREET,550790165001,267,0.48811700182815354,0.03736356003358522
HISTORIC MITCHELL STREET,550790165002,453,0.8074866310160428,0.06339210747271201
HISTORIC MITCHELL STREET,550790166001,542,1,0.07584662748390708
HISTORIC MITCHELL STREET,550790167001,539,1,0.07542681220263084
HISTORIC MITCHELL STREET,550790167002,557,1,0.07794570389028828
HISTORIC MITCHELL STREET,550790167003,970,1,0.1357402742793171
HISTORIC MITCHELL STREET,550790168001,703,1,0.09837671424573188
HISTORIC MITCHELL STREET,550790168002,619,1,0.0866218863699972
HISTORIC MITCHELL STREET,550790168003,840,1,0.11754827875734676
HISTORIC THIRD WARD,550791874001,215,0.48642533936651583,1
HOLLER PARK,550790216001,563,0.3748335552596538,1
HONEY CREEK MANOR,550790199001,737,1,0.2478977463841238
HONEY CREEK MANOR,550790199002,879,1,0.2956609485368315
HONEY CREEK MANOR,550790199003,525,1,0.17658930373360243
HONEY CREEK MANOR,550790199005,832,1,0.2798520013454423
HONEY CREEK PARKWAY,550790127001,1376,1,1
JACKSON PARK,550790190001,209,0.9457013574660633,0.027656477438136828
JACKSON PARK,550790190002,860,1,0.11380177319041948
JACKSON PARK,550790190003,1240,1,0.16408627762339553
JACKSON PARK,550790190004,1020,1,0.1349741961095673
JACKSON PARK,550790190005,904,1,0.11962418949318512
JACKSON PARK,550790191001,482,0.5084388185654009,0.06378192404393278
JACKSON PARK,550790191002,319,0.4079283887468031,0.042212518195050945
JACKSON PARK,550790191003,636,1,0.08416038110361254
JACKSON PARK,550790192001,412,0.5302445302445302,0.05451898901680561
JACKSON PARK,550790200001,909,0.6525484565685571,0.1202858277094085
JACKSON PARK,550790200002,566,0.7817679558011049,0.07489744607648538
JOHNSON'S WOODS,550790129001,1051,0.8678777869529315,0.35809199318568996
JOHNSON'S WOODS,550790129002,464,0.426078971533517,0.15809199318568995
JOHNSON'S WOODS,550790130001,901,0.8938492063492064,0.30698466780238504
JOHNSON'S WOODS,550790130002,519,1,0.17683134582623508
JUNEAU TOWN,550790113001,39,0.10344827586206896,0.12540192926045016
JUNEAU TOWN,550790113002,1,0.16666666666666666,0.003215434083601286
JUNEAU TOWN,550790143002,36,1,0.1157556270096463
JUNEAU TOWN,550790144001,87,1,0.2797427652733119
JUNEAU TOWN,550790144002,57,0.9827586206896551,0.1832797427652733
JUNEAU TOWN,550791874001,91,0.20588235294117646,0.29260450160771706
KILBOURN TOWN,550790114001,1,0.002398081534772182,0.004784688995215311
KILBOURN TOWN,550790141001,13,0.21666666666666667,0.06220095693779904
KILBOURN TOWN,550791863001,64,0.927536231884058,0.3062200956937799
KILBOURN TOWN,550791863002,124,1,0.5933014354066986
KILBOURN TOWN,550791864001,7,0.7,0.03349282296650718
KING PARK,550790146001,166,0.5286624203821656,0.22015915119363394
KING PARK,550791859001,222,0.23922413793103448,0.29442970822281167
KING PARK,550791862001,324,1,0.4297082228116711
KING PARK,550791862002,42,0.08061420345489444,0.05570291777188329
KOPS PARK,550790053002,1279,1,0.3555740895190436
KOPS PARK,550790054002,329,0.29427549194991054,0.09146510981373367
KOPS PARK,550790054003,968,0.8424717145343777,0.2691131498470948
KOPS PARK,550790054004,1021,1,0.28384765082012786
LAND BANK,550790001021,16,0.5,0.06611570247933884
LAND BANK,550790001022,201,0.1572769953051643,0.8305785123966942
LAND BANK,550790007003,25,0.2403846153846154,0.10330578512396695
LAYTON PARK,550790172001,1005,1,0.1529214850882532
LAYTON PARK,550790172002,1001,1,0.15231284236153378
LAYTON PARK,550790173001,900,1,0.13694461351186854
LAYTON PARK,550790173002,893,1,0.13587948874010955
LAYTON PARK,550790173003,1125,1,0.17118076688983566
LAYTON PARK,550790189001,1420,1,0.21606816798539258
LAYTON PARK,550790190001,12,0.05429864253393665,0.0018259281801582471
LAYTON PARK,550790200001,216,0.15506101938262742,0.032866707242848445
LENOX HEIGHTS,550790050002,522,0.444633730834753,0.3367741935483871
LENOX HEIGHTS,550790058001,644,0.5240032546786005,0.4154838709677419
LENOX HEIGHTS,550790058003,18,0.016,0.011612903225806452
LENOX HEIGHTS,550790059001,325,0.29491833030852993,0.20967741935483872
LENOX HEIGHTS,550790059002,41,0.043897216274089934,0.026451612903225806
LINCOLN CREEK,550790027002,135,0.13339920948616601,0.022207599934199705
LINCOLN CREEK,550790031001,6,0.006795016987542469,9.87004441519987e-4
LINCOLN CREEK,550790031002,798,0.9987484355444305,0.13127159072215824
LINCOLN CREEK,550790031003,622,0.7020316027088036,0.10231946043757197
LINCOLN CREEK,550790032001,1,9.643201542912247e-4,1.6450074025333114e-4
LINCOLN CREEK,550790036001,765,0.7334611697027804,0.12584306629379832
LINCOLN CREEK,550790040001,794,1,0.13061358776114493
LINCOLN CREEK,550790040002,79,1,0.01299555848001316
LINCOLN CREEK,550790040003,835,1,0.1373581181115315
LINCOLN CREEK,550790041001,229,0.4103942652329749,0.03767066951801283
LINCOLN CREEK,550790041002,603,1,0.09919394637275868
LINCOLN CREEK,550790041003,1212,1,0.19937489718703735
LINCOLN PARK,550790022001,7,0.009602194787379973,0.0015769317413831944
LINCOLN PARK,550790022002,1038,0.8515176374077112,0.23383644965082226
LINCOLN PARK,550790023001,602,1,0.1356161297589547
LINCOLN PARK,550790023002,1001,1,0.2255012390177968
LINCOLN PARK,550790023003,1014,0.9980314960629921,0.22842982653750846
LINCOLN PARK,550790023004,286,1,0.06442892543365623
LINCOLN PARK,550790023005,491,1,0.11061049785987835
LINCOLN VILLAGE,550790175001,591,1,0.06590833054533289
LINCOLN VILLAGE,550790175002,788,1,0.08787777406044385
LINCOLN VILLAGE,550790175003,682,1,0.07605665216906435
LINCOLN VILLAGE,550790175004,812,1,0.09055425448868072
LINCOLN VILLAGE,550790176001,1202,1,0.13404706144752984
LINCOLN VILLAGE,550790176002,1009,1,0.11252369800379168
LINCOLN VILLAGE,550790186001,763,1,0.08508977361436378
LINCOLN VILLAGE,550790186002,464,1,0.05174528827924613
LINCOLN VILLAGE,550790187001,774,1,0.08631649381063901
LINCOLN VILLAGE,550790187002,644,1,0.07181889149102264
LINCOLN VILLAGE,550791866001,512,0.6772486772486772,0.05709824913571986
LINCOLN VILLAGE,550791866002,726,0.8057713651498335,0.08096353295416528
LINDSAY PARK,550790033004,807,1,0.21298495645288995
LINDSAY PARK,550790033005,393,1,0.10372129849564529
LINDSAY PARK,550790033006,529,1,0.1396146740564793
LINDSAY PARK,550790034002,974,0.8491717523975588,0.2570599102665611
LINDSAY PARK,550790034003,1086,1,0.28661916072842436
LITTLE MENOMONEE PARKWAY,550790003032,876,1,0.9358974358974359
LITTLE MENOMONEE PARKWAY,550790005021,60,0.09836065573770492,0.0641025641025641
LONG VIEW,550790017001,1038,1,0.3333333333333333
LONG VIEW,550790017002,621,1,0.1994219653179191
LONG VIEW,550790017003,387,0.8269230769230769,0.12427745664739884
LONG VIEW,550790030004,1068,1,0.34296724470134876
LOWER EAST SIDE,550790108001,567,1,0.14083457526080476
LOWER EAST SIDE,550790108002,479,1,0.11897665176353701
LOWER EAST SIDE,550790110001,609,1,0.1512667660208644
LOWER EAST SIDE,550790110002,85,0.7327586206896551,0.02111276701440636
LOWER EAST SIDE,550790111001,517,1,0.1284153005464481
LOWER EAST SIDE,550790112001,716,1,0.17784401390958768
LOWER EAST SIDE,550790112002,593,1,0.14729259811227025
LOWER EAST SIDE,550790113001,338,0.896551724137931,0.08395429706905116
LOWER EAST SIDE,550791869001,2,0.0273972602739726,4.967709885742673e-4
LOWER EAST SIDE,550791870002,75,1,0.018628912071535022
LOWER EAST SIDE,550791870003,45,1,0.011177347242921014
LYONS PARK,550790198002,410,0.6487341772151899,0.2706270627062706
LYONS PARK,550790198004,158,0.21525885558583105,0.1042904290429043
LYONS PARK,550790198005,947,0.7223493516399695,0.6250825082508251
MACK ACRES,550790003041,218,0.19240953221535745,1
MAITLAND PARK,550790217001,724,1,0.6954851104707013
MAITLAND PARK,550790217005,317,0.32579650565262075,0.3045148895292987
MAPLE TREE,550790003021,1052,0.6052934407364787,1
MARQUETTE,550790147002,2,0.0196078431372549,1
MARTIN DRIVE,550790123001,426,0.5496774193548387,0.24912280701754386
MARTIN DRIVE,550790124001,1284,0.9093484419263456,0.7508771929824561
MC GOVERN PARK,550790019001,854,1,0.2687224669603524
MC GOVERN PARK,550790019002,914,1,0.28760226557583385
MC GOVERN PARK,550790019003,127,0.187039764359352,0.039962240402769036
MC GOVERN PARK,550790019004,189,1,0.05947136563876652
MC GOVERN PARK,550790020002,286,0.5607843137254902,0.08999370673379484
MC GOVERN PARK,550790020003,808,1,0.2542479546884833
MELODY VIEW,550790001022,758,0.593114241001565,1
MENOMONEE RIVER HILLS,550790003041,42,0.037069726390114736,0.006486486486486486
MENOMONEE RIVER HILLS,550790003042,2613,0.9961875714830347,0.40355212355212355
MENOMONEE RIVER HILLS,550790005021,51,0.08360655737704918,0.007876447876447876
MENOMONEE RIVER HILLS,550790006001,409,1,0.06316602316602317
MENOMONEE RIVER HILLS,550790006002,1076,1,0.16617760617760619
MENOMONEE RIVER HILLS,550790006003,1261,1,0.19474903474903474
MENOMONEE RIVER HILLS,550790014001,262,1,0.04046332046332046
MENOMONEE RIVER HILLS,550790014002,761,0.9895968790637191,0.11752895752895753
MENOMONEE RIVER HILLS EAST,550790003042,10,0.003812428516965307,0.004032258064516129
MENOMONEE RIVER HILLS EAST,550790006004,1799,1,0.7254032258064517
MENOMONEE RIVER HILLS EAST,550790006005,649,0.9774096385542169,0.2616935483870968
MENOMONEE RIVER HILLS EAST,550790012001,1,0.0012919896640826874,4.032258064516129e-4
MENOMONEE RIVER HILLS EAST,550790013001,21,0.025703794369645042,0.008467741935483872
MENOMONEE RIVER PARKWAY,550790022001,722,0.99039780521262,1
MENOMONEE RIVER VALLEY,550790149002,12,0.03625377643504532,0.08391608391608392
MENOMONEE RIVER VALLEY,550791864001,2,0.2,0.013986013986013986
MENOMONEE RIVER VALLEY,550791864002,17,0.5,0.11888111888111888
MENOMONEE RIVER VALLEY,550791868001,80,0.18475750577367206,0.5594405594405595
MENOMONEE RIVER VALLEY,550791874001,32,0.07239819004524888,0.22377622377622378
MERRILL PARK,550790133001,543,0.5171428571428571,0.22465866776996277
MERRILL PARK,550790134001,487,1,0.20148944973107158
MERRILL PARK,550790134002,682,1,0.282167976830782
MERRILL PARK,550790134003,496,1,0.20521307405875053
MERRILL PARK,550790149001,51,0.30177514792899407,0.021100537856847332
MERRILL PARK,550790149002,158,0.4773413897280967,0.06537029375258585
METCALFE PARK,550790062003,274,0.5083487940630798,0.12437585111211984
METCALFE PARK,550790062004,288,0.4350453172205438,0.1307308216068997
METCALFE PARK,550790088001,259,0.3462566844919786,0.11756695415342715
METCALFE PARK,550790089002,606,0.8451882845188284,0.27507943713118477
METCALFE PARK,550790090001,228,0.3545878693623639,0.10349523377212891
METCALFE PARK,550790090002,20,0.0447427293064877,0.009078529278256923
METCALFE PARK,550790098001,330,0.2665589660743134,0.14979573309123922
METCALFE PARK,550790099001,198,0.2836676217765043,0.08987743985474353
MIDTOWN,550790097001,582,1,0.10562613430127042
MIDTOWN,550790098001,92,0.07431340872374798,0.016696914700544463
MIDTOWN,550790099001,395,0.5659025787965616,0.07168784029038112
MIDTOWN,550790099002,432,0.7140495867768595,0.07840290381125227
MIDTOWN,550790122001,221,0.4402390438247012,0.04010889292196007
MIDTOWN,550790122003,243,0.2565997888067582,0.0441016333938294
MIDTOWN,550790137001,291,0.6847058823529412,0.05281306715063521
MIDTOWN,550790148001,201,0.4878640776699029,0.03647912885662432
MIDTOWN,550791854002,248,0.4175084175084175,0.04500907441016334
MIDTOWN,550791858001,780,1,0.14156079854809436
MIDTOWN,550791858002,697,1,0.126497277676951
MIDTOWN,550791861001,721,1,0.1308529945553539
MIDTOWN,550791861002,607,1,0.11016333938294011
MILL VALLEY,550790003011,148,0.11314984709480122,1
MILLER VALLEY,550790123001,349,0.4503225806451613,0.6993987975951904
MILLER VALLEY,550790124001,128,0.0906515580736544,0.2565130260521042
MILLER VALLEY,550790125001,22,0.030095759233926128,0.04408817635270541
MITCHELL FIELD,550790210002,173,0.1211484593837535,0.6431226765799256
MITCHELL FIELD,550790217005,96,0.0986639260020555,0.35687732342007433
MITCHELL PARK,550791868001,48,0.11085450346420324,1
MITCHELL WEST,550790212002,99,0.34256055363321797,0.044
MITCHELL WEST,550790214001,578,0.6296296296296297,0.2568888888888889
MITCHELL WEST,550790216001,939,0.6251664447403462,0.41733333333333333
MITCHELL WEST,550790216002,634,0.4348422496570645,0.2817777777777778
MORGAN HEIGHTS,550790195001,859,0.5831636116768499,0.4439276485788114
MORGAN HEIGHTS,550790195002,1076,0.5121370775821038,0.5560723514211886
MORGANDALE,550790185001,1,0.0010905125408942203,1.1536686663590217e-4
MORGANDALE,550790201001,972,0.8725314183123878,0.1121365943700969
MORGANDALE,550790202001,647,0.7237136465324385,0.07464236271342871
MORGANDALE,550790202002,637,0.6049382716049383,0.07348869404706967
MORGANDALE,550790203001,1725,1,0.19900784494693124
MORGANDALE,550790203002,2165,1,0.24976926626672818
MORGANDALE,550790204002,395,0.5038265306122449,0.045569912321181356
MORGANDALE,550790204003,869,1,0.10025380710659898
MORGANDALE,550790205002,364,0.4328180737217598,0.04199353945546839
MORGANDALE,550790205003,893,1,0.10302261190586064
MOUNT MARY,550790054003,181,0.15752828546562228,0.08190045248868778
MOUNT MARY,550790055003,679,0.7223404255319149,0.3072398190045249
MOUNT MARY,550790056001,311,0.22103766879886283,0.1407239819004525
MOUNT MARY,550790056002,1039,1,0.47013574660633484
MOUNT OLIVET,550790200002,143,0.19751381215469613,1
MURRAY HILL,550790075003,498,0.28836132020845395,0.20977253580454927
MURRAY HILL,550790076001,126,0.2222222222222222,0.05307497893850042
MURRAY HILL,550790076002,99,0.2619047619047619,0.04170176916596462
MURRAY HILL,550790076003,62,0.24899598393574296,0.02611625947767481
MURRAY HILL,550790077001,542,1,0.22830665543386688
MURRAY HILL,550790077002,443,0.5621827411167513,0.18660488626790228
MURRAY HILL,550790077003,173,0.24927953890489912,0.07287278854254423
MURRAY HILL,550790078003,431,0.4100856327307326,0.18155012636899748
MUSKEGO WAY,550790162001,484,0.5209903121636168,0.06079638236402462
MUSKEGO WAY,550790162002,405,0.5728429985855729,0.05087300590378093
MUSKEGO WAY,550790163001,450,0.46296296296296297,0.05652556211531215
MUSKEGO WAY,550790163002,512,1,0.0643135284511996
MUSKEGO WAY,550790163003,706,1,0.08868232634091194
MUSKEGO WAY,550790163004,485,0.4004954582989265,0.06092199472428087
MUSKEGO WAY,550790169001,897,1,0.11267428714985554
MUSKEGO WAY,550790169002,1067,1,0.1340283883934179
MUSKEGO WAY,550790169003,696,1,0.08742620273834946
MUSKEGO WAY,550790170001,754,1,0.09471171963321191
MUSKEGO WAY,550790170002,710,1,0.08918477578193694
MUSKEGO WAY,550790170003,795,1,0.09986182640371813
NASH PARK,550790052001,861,1,0.3213885778275476
NASH PARK,550790052002,888,1,0.3314669652855543
NASH PARK,550790053001,930,1,0.3471444568868981
NATIONAL PARK,550790159001,464,0.5728395061728395,0.23281485198193677
NATIONAL PARK,550790159002,795,0.8128834355828221,0.39889613647767186
NATIONAL PARK,550790162002,220,0.31117397454031115,0.11038635223281486
NATIONAL PARK,550790162003,353,0.5372907153729072,0.17711991971901656
NATIONAL PARK,550791868001,161,0.371824480369515,0.08078273958855996
NEW COELN,550790217005,560,0.5755395683453237,1
NORTH DIVISION,550790066002,573,0.9982578397212544,0.0863341871327407
NORTH DIVISION,550790066003,846,1,0.12746722916980563
NORTH DIVISION,550790067002,373,0.4483173076923077,0.05620009040229019
NORTH DIVISION,550790084001,662,1,0.09974386017779117
NORTH DIVISION,550790084002,506,1,0.07623926472803978
NORTH DIVISION,550790085001,464,1,0.06991110441464517
NORTH DIVISION,550790085002,515,1,0.07759529908091005
NORTH DIVISION,550790086001,556,1,0.0837727889106524
NORTH DIVISION,550790086002,686,1,0.10335995178544523
NORTH DIVISION,550791854001,540,0.6157354618015963,0.08136206117221637
NORTH DIVISION,550791855001,538,0.7696709585121603,0.08106072020491185
NORTH DIVISION,550791855002,378,0.5279329608938548,0.05695344282055145
NORTH GRANVILLE,550790002011,25,0.0576036866359447,0.12376237623762376
NORTH GRANVILLE,550790002012,177,0.3397312859884837,0.8762376237623762
NORTH MEADOWS,550790002012,333,0.6391554702495201,0.9970059880239521
NORTH MEADOWS,550790002013,1,1,0.0029940119760479044
NORTHPOINT,550790075003,415,0.24030110017371165,0.22444564629529476
NORTHPOINT,550790076001,441,0.7777777777777778,0.23850730124391564
NORTHPOINT,550790076002,279,0.7380952380952381,0.1508923742563548
NORTHPOINT,550790076003,187,0.751004016064257,0.10113574905354246
NORTHPOINT,550791869001,69,0.9452054794520548,0.03731746890210925
NORTHPOINT,550791870001,458,1,0.24770146024878312
NORTHRIDGE,550790001011,121,0.2827102803738318,0.18935837245696402
NORTHRIDGE,550790001012,518,0.9942418426103646,0.810641627543036
NORTHRIDGE LAKES,550790001013,24,1,0.15789473684210525
NORTHRIDGE LAKES,550790001014,128,1,0.8421052631578947
OLD NORTH MILWAUKEE,550790020001,816,1,0.08167350615553999
OLD NORTH MILWAUKEE,550790020002,224,0.4392156862745098,0.02242017816034431
OLD NORTH MILWAUKEE,550790021001,697,1,0.06976278650785707
OLD NORTH MILWAUKEE,550790021002,602,1,0.06025422880592533
OLD NORTH MILWAUKEE,550790021003,675,1,0.06756080472425183
OLD NORTH MILWAUKEE,550790022002,181,0.14848236259228875,0.018116304674206787
OLD NORTH MILWAUKEE,550790024001,605,1,0.06055449904914423
OLD NORTH MILWAUKEE,550790024002,557,1,0.05575017515764188
OLD NORTH MILWAUKEE,550790024003,585,1,0.058552697427684916
OLD NORTH MILWAUKEE,550790025001,612,1,0.06125512961665499
OLD NORTH MILWAUKEE,550790025002,417,1,0.041737563807426686
OLD NORTH MILWAUKEE,550790025003,711,1,0.07116404764287859
OLD NORTH MILWAUKEE,550790026001,797,1,0.07977179461515364
OLD NORTH MILWAUKEE,550790026002,1234,1,0.12351116004403964
OLD NORTH MILWAUKEE,550790026003,625,1,0.06255630067060354
OLD NORTH MILWAUKEE,550790041001,137,0.24551971326164876,0.013712341106996297
OLD NORTH MILWAUKEE,550790042001,49,0.11085972850678733,0.004904413972575318
OLD NORTH MILWAUKEE,550790042004,467,0.6441379310344828,0.046742067861074967
PARK KNOLL,550790003011,1160,0.8868501529051988,0.8238636363636364
PARK KNOLL,550790005011,248,0.4760076775431862,0.17613636363636365
PARK PLACE,550790002023,318,0.20463320463320464,1
PARK VIEW,550791862002,479,0.9193857965451055,1
PARK WEST,550790063002,569,1,0.10146219686162625
PARK WEST,550790064002,757,1,0.13498573466476463
PARK WEST,550790064003,724,1,0.1291012838801712
PARK WEST,550790087001,633,1,0.11287446504992868
PARK WEST,550790087002,703,1,0.12535663338088446
PARK WEST,550790088001,489,0.6537433155080213,0.08719686162624822
PARK WEST,550790088002,1003,1,0.17885164051355207
PARK WEST,550790089002,106,0.14783821478382148,0.018901569186875893
PARK WEST,550790099001,105,0.1504297994269341,0.018723252496433668
PARK WEST,550790099002,173,0.2859504132231405,0.030848787446504992
PARK WEST,550791854002,346,0.5824915824915825,0.061697574893009983
PARKWAY HILLS,550790005021,499,0.8180327868852459,0.9842209072978304
PARKWAY HILLS,550790014002,8,0.010403120936280884,0.015779092702169626
PHEASANT RUN,550790002021,1802,0.8842001962708538,1
POLLBER HEIGHTS,550790001022,278,0.21752738654147105,1
POLONIA,550790185001,11,0.011995637949836423,0.002414398595258999
POLONIA,550790186003,670,1,0.14705882352941177
POLONIA,550790187003,1020,1,0.22388059701492538
POLONIA,550790201001,56,0.05026929982046679,0.012291483757682178
POLONIA,550790204001,1042,1,0.22870939420544337
POLONIA,550790204002,389,0.4961734693877551,0.0853819139596137
POLONIA,550790205001,891,1,0.19556628621597894
POLONIA,550790205002,477,0.5671819262782402,0.10469710272168568
RED OAK HEIGHTS,550790197002,745,0.5064581917063222,1
RIDGEVIEW,550790001011,307,0.7172897196261683,1
RIVER BEND,550790196001,818,1,0.5128526645768025
RIVER BEND,550790196002,777,1,0.4871473354231975
RIVERSIDE PARK,550790077002,345,0.43781725888324874,0.34534534534534533
RIVERSIDE PARK,550790077003,521,0.7507204610951008,0.5215215215215215
RIVERSIDE PARK,550790078003,133,0.12654614652711704,0.13313313313313313
RIVERTON HEIGHTS,550790002022,858,0.7383820998278829,1
RIVERWEST,550790044001,173,0.6811023622047244,0.01701918347270044
RIVERWEST,550790071001,762,1,0.0749631087063453
RIVERWEST,550790071002,1229,1,0.12090506640432858
RIVERWEST,550790072001,837,1,0.0823413674372848
RIVERWEST,550790072002,999,1,0.09827840629611412
RIVERWEST,550790072003,731,1,0.07191342843089031
RIVERWEST,550790079001,746,1,0.07338908017707821
RIVERWEST,550790079002,949,1,0.09335956714215445
RIVERWEST,550790080001,942,1,0.0926709296606001
RIVERWEST,550790080002,1018,1,0.10014756517461879
RIVERWEST,550790107001,858,1,0.08440727988194786
RIVERWEST,550790107002,921,1,0.09060501721593704
ROLLING GREEN,550790197003,730,0.6734317343173432,0.4224537037037037
ROLLING GREEN,550790197004,998,0.837248322147651,0.5775462962962963
ROOSEVELT GROVE,550790038001,328,0.5141065830721003,0.06393762183235867
ROOSEVELT GROVE,550790038002,511,0.584,0.09961013645224172
ROOSEVELT GROVE,550790038003,16,0.02069857697283312,0.0031189083820662767
ROOSEVELT GROVE,550790039001,645,1,0.12573099415204678
ROOSEVELT GROVE,550790039002,819,1,0.15964912280701754
ROOSEVELT GROVE,550790039003,1187,1,0.23138401559454191
ROOSEVELT GROVE,550790047004,3,0.002570694087403599,5.847953216374269e-4
ROOSEVELT GROVE,550790048001,837,0.8344965104685942,0.1631578947368421
ROOSEVELT GROVE,550790048002,244,0.3257676902536716,0.047563352826510724
ROOSEVELT GROVE,550790048003,40,0.04040404040404041,0.007797270955165692
ROOSEVELT GROVE,550790063003,500,0.8944543828264758,0.09746588693957114
ROOT CREEK,550790198002,222,0.3512658227848101,0.15891195418754475
ROOT CREEK,550790198003,928,1,0.6642806012884753
ROOT CREEK,550790198004,243,0.3310626702997275,0.1739441660701503
ROOT CREEK,550790199004,4,0.006201550387596899,0.002863278453829635
RUFUS KING,550790023003,2,0.001968503937007874,4.084967320261438e-4
RUFUS KING,550790043001,609,1,0.12438725490196079
RUFUS KING,550790043002,551,0.6311569301260023,0.11254084967320262
RUFUS KING,550790043003,1030,1,0.21037581699346405
RUFUS KING,550790043004,839,1,0.17136437908496732
RUFUS KING,550790043005,611,1,0.12479575163398693
RUFUS KING,550790043006,725,1,0.14808006535947713
RUFUS KING,550790043007,529,1,0.10804738562091504
SAINT JOSEPH,550790049001,653,0.3392207792207792,0.09652623798965262
SAINT JOSEPH,550790049002,565,0.3192090395480226,0.0835181079083518
SAINT JOSEPH,550790049003,253,0.2682926829268293,0.03739837398373984
SAINT JOSEPH,550790050001,414,0.2865051903114187,0.06119733924611973
SAINT JOSEPH,550790050002,652,0.555366269165247,0.09637841832963784
SAINT JOSEPH,550790050003,489,0.5202127659574468,0.07228381374722838
SAINT JOSEPH,550790059001,777,0.70508166969147,0.11485587583148558
SAINT JOSEPH,550790059002,650,0.69593147751606,0.09608277900960828
SAINT JOSEPH,550790060001,577,0.7071078431372549,0.0852919438285292
SAINT JOSEPH,550790060003,751,0.8207650273224044,0.11101256467110125
SAINT JOSEPH,550790061001,209,0.25059952038369304,0.030894308943089432
SAINT JOSEPH,550790061002,266,0.35945945945945945,0.039320029563932005
SAINT JOSEPH,550790061003,509,0.5084915084915085,0.07524020694752402
SAVELAND PARK,550790185001,833,0.9083969465648855,0.4592061742006615
SAVELAND PARK,550790185002,981,1,0.5407938257993384
SCHLITZ PARK,550790114001,14,0.03357314148681055,1
SERVITE WOODS,550790001021,16,0.5,1
SHERMAN PARK,550790048001,166,0.16550348953140578,0.02453443689033402
SHERMAN PARK,550790048002,505,0.6742323097463284,0.07463789535914868
SHERMAN PARK,550790048003,950,0.9595959595959596,0.14040792196275495
SHERMAN PARK,550790048004,1047,1,0.1547443097842152
SHERMAN PARK,550790061001,625,0.749400479616307,0.09237363287023352
SHERMAN PARK,550790061002,202,0.27297297297297296,0.029855158143659473
SHERMAN PARK,550790062001,706,1,0.10434525569021579
SHERMAN PARK,550790062002,629,1,0.09296482412060302
SHERMAN PARK,550790062003,265,0.49165120593692024,0.039166420336979015
SHERMAN PARK,550790062004,374,0.5649546827794562,0.05527638190954774
SHERMAN PARK,550790063003,59,0.10554561717352415,0.008720070942950044
SHERMAN PARK,550790089001,490,1,0.07242092817026308
SHERMAN PARK,550790089002,5,0.00697350069735007,7.389890629618681e-4
SHERMAN PARK,550790090001,415,0.645412130637636,0.06133609222583506
SHERMAN PARK,550790090002,47,0.10514541387024609,0.006946497191841561
SHERMAN PARK,550790091001,228,0.22485207100591717,0.03369790127106119
SHERMAN PARK,550790091002,53,0.10536779324055666,0.007833284067395802
SILVER CITY,550790160001,871,1,0.23895747599451303
SILVER CITY,550790160002,1483,1,0.40685871056241424
SILVER CITY,550790161001,351,0.555379746835443,0.0962962962962963
SILVER CITY,550790161002,421,0.42741116751269037,0.11550068587105625
SILVER CITY,550790161003,482,0.44878957169459965,0.13223593964334704
SILVER CITY,550791868001,37,0.08545034642032333,0.010150891632373114
SILVER SPRING,550790012001,213,0.2751937984496124,0.02382283860865675
SILVER SPRING,550790012002,687,1,0.07683704283637177
SILVER SPRING,550790012003,444,1,0.04965887484621407
SILVER SPRING,550790013001,796,0.9742962056303549,0.08902807292249189
SILVER SPRING,550790013002,1027,1,0.11486410916004922
SILVER SPRING,550790013003,939,1,0.10502180964097976
SILVER SPRING,550790013004,745,1,0.08332401297394028
SILVER SPRING,550790015001,1103,1,0.12336427692651829
SILVER SPRING,550790015002,647,1,0.07236327032770383
SILVER SPRING,550790016001,21,0.023127753303964757,0.0023487305670506654
SILVER SPRING,550790018001,517,1,0.05782350967453305
SILVER SPRING,550790018002,730,1,0.0816463482831898
SILVER SPRING,550790018003,520,0.9138840070298769,0.05815904261268315
SILVER SPRING,550790019003,552,0.812960235640648,0.061738060619617494
SILVER SWAN,550790005022,1367,1,0.6714145383104125
SILVER SWAN,550790015003,669,1,0.3285854616895874
SOUTHGATE,550790200001,268,0.19239052404881551,0.18268575323790048
SOUTHGATE,550790201001,64,0.05745062836624776,0.043626448534423996
SOUTHGATE,550790201002,116,1,0.0790729379686435
SOUTHGATE,550790201003,1019,0.9960899315738025,0.6946148602590321
SOUTHPOINT,550790200002,15,0.020718232044198894,0.009771986970684038
SOUTHPOINT,550790202001,247,0.27628635346756153,0.16091205211726384
SOUTHPOINT,550790202002,416,0.3950617283950617,0.2710097719869707
SOUTHPOINT,550790202003,857,1,0.5583061889250814
ST. AMELIAN'S,550790054001,435,1,0.3553921568627451
ST. AMELIAN'S,550790054002,789,0.7057245080500895,0.6446078431372549
STORY HILL,550790125001,700,0.957592339261286,0.3682272488164124
STORY HILL,550790125002,1166,0.8662704309063893,0.6133613887427669
STORY HILL,550790126001,35,0.04,0.01841136244082062
SUNSET HEIGHTS,550790038001,162,0.25391849529780564,0.0351409978308026
SUNSET HEIGHTS,550790038003,67,0.08667529107373868,0.014533622559652928
SUNSET HEIGHTS,550790049001,1272,0.6607792207792208,0.2759219088937093
SUNSET HEIGHTS,550790049002,1205,0.6807909604519774,0.2613882863340564
SUNSET HEIGHTS,550790049003,681,0.7221633085896076,0.1477223427331887
SUNSET HEIGHTS,550790050001,772,0.5342560553633218,0.16746203904555315
SUNSET HEIGHTS,550790050003,451,0.4797872340425532,0.09783080260303688
THE VALLEY / PIGSVILLE,550790125001,2,0.0027359781121751026,0.003929273084479371
THE VALLEY / PIGSVILLE,550790133001,507,0.4828571428571429,0.9960707269155207
THURSTON WOODS,550790010001,447,0.9696312364425163,0.12100703844071467
THURSTON WOODS,550790010002,822,1,0.22252301028695182
THURSTON WOODS,550790010003,971,1,0.26285868976719
THURSTON WOODS,550790010004,912,1,0.24688684353004872
THURSTON WOODS,550790011003,542,1,0.14672441797509475
TIMMERMAN AIRPORT,550790005012,6,0.0030643513789581204,0.03278688524590164
TIMMERMAN AIRPORT,550790005013,177,0.5379939209726444,0.9672131147540983
TIMMERMAN WEST,550790004001,850,1,0.2761533463287849
TIMMERMAN WEST,550790004002,85,1,0.02761533463287849
TIMMERMAN WEST,550790005011,49,0.09404990403071017,0.015919428200129954
TIMMERMAN WEST,550790005012,1952,0.9969356486210419,0.6341780376868096
TIMMERMAN WEST,550790005013,142,0.4316109422492401,0.04613385315139701
TIPPECANOE,550790206001,745,0.40226781857451405,0.11164393825865428
TIPPECANOE,550790206002,864,0.41518500720807305,0.12947699685298966
TIPPECANOE,550790207002,631,1,0.09456016784055148
TIPPECANOE,550790207003,1068,1,0.16004795444327888
TIPPECANOE,550790207004,814,1,0.12198411509066387
TIPPECANOE,550790207005,464,0.6657101865136298,0.06953394275438333
TIPPECANOE,550790209001,477,0.6394101876675603,0.07148209201258804
TIPPECANOE,550790209003,944,1,0.14146560767271094
TIPPECANOE,550790211001,666,0.402416918429003,0.09980518507417953
TOWN & COUNTRY MANOR,550790008001,651,0.6038961038961039,0.3276295923502768
TOWN & COUNTRY MANOR,550790009001,621,0.44676258992805756,0.3125314544539507
TOWN & COUNTRY MANOR,550790009002,715,0.9073604060913706,0.3598389531957725
TOWN OF LAKE,550790209001,269,0.3605898123324397,0.046061643835616436
TOWN OF LAKE,550790209002,1111,1,0.19023972602739725
TOWN OF LAKE,550790210001,973,1,0.16660958904109588
TOWN OF LAKE,550790210002,1255,0.8788515406162465,0.2148972602739726
TOWN OF LAKE,550790211001,989,0.5975830815709969,0.16934931506849316
TOWN OF LAKE,550790212001,1243,1,0.21284246575342466
TRIANGLE,550791854001,21,0.02394526795895097,0.03910614525139665
TRIANGLE,550791859001,516,0.5560344827586207,0.9608938547486033
TRIANGLE NORTH,550790141001,1,0.016666666666666666,9.900990099009901e-4
TRIANGLE NORTH,550791854001,316,0.3603192702394527,0.31287128712871287
TRIANGLE NORTH,550791855001,160,0.22889842632331903,0.15841584158415842
TRIANGLE NORTH,550791855002,338,0.4720670391061452,0.3346534653465347
TRIANGLE NORTH,550791859001,190,0.20474137931034483,0.18811881188118812
TRIANGLE NORTH,550791860001,5,0.016129032258064516,0.0049504950495049506
TRIPOLI PARK,550790009001,769,0.5532374100719425,1
UPPER EAST SIDE,550790075001,924,1,0.2074539739559946
UPPER EAST SIDE,550790075002,1109,1,0.24898967220475976
UPPER EAST SIDE,550790075003,814,0.4713375796178344,0.18275707229456667
UPPER EAST SIDE,550790078001,571,0.6316371681415929,0.12819937135159407
UPPER EAST SIDE,550790078002,549,0.6836861768368617,0.12325999101930848
UPPER EAST SIDE,550790078003,487,0.46336822074215034,0.10933991917377638
UPTOWN,550790059003,505,0.781733746130031,0.08761276891047884
UPTOWN,550790059004,611,0.7803320561941252,0.10600277585010409
UPTOWN,550790060001,239,0.2928921568627451,0.041464260929909784
UPTOWN,550790060002,757,1,0.1313324080499653
UPTOWN,550790060003,164,0.17923497267759564,0.028452463566967384
UPTOWN,550790061002,272,0.3675675675675676,0.04718945176960444
UPTOWN,550790061003,492,0.4915084915084915,0.08535739070090215
UPTOWN,550790091001,786,0.7751479289940828,0.13636363636363635
UPTOWN,550790091002,96,0.1908548707753479,0.016655100624566273
UPTOWN,550790092001,589,1,0.10218598195697433
UPTOWN,550790093001,381,0.6580310880829016,0.0660999306037474
UPTOWN,550790093002,272,0.2176,0.04718945176960444
UPTOWN,550790093003,600,0.6376195536663124,0.1040943789035392
VALHALLA,550790005013,10,0.030395136778115502,0.005737234652897304
VALHALLA,550790005023,188,1,0.1078600114744693
VALHALLA,550790016001,887,0.9768722466960352,0.5088927137119909
VALHALLA,550790016002,609,1,0.3493975903614458
VALHALLA,550790018003,49,0.08611599297012303,0.028112449799196786
VALLEY FORGE,550790125002,179,0.13298662704309064,1
VETERANS AFFAIRS,550791868001,1,0.0023094688221709007,1
VOGEL PARK,550790017003,81,0.17307692307692307,0.06766917293233082
VOGEL PARK,550790017004,699,1,0.5839598997493735
VOGEL PARK,550790017005,417,1,0.3483709273182957
WAHL PARK,550790027001,956,1,0.35276752767527675
WAHL PARK,550790027002,877,0.866600790513834,0.3236162361623616
WAHL PARK,550790031001,877,0.9932049830124575,0.3236162361623616
WALKER'S POINT,550790157001,318,1,0.06058296818441608
WALKER'S POINT,550790157002,666,1,0.12688131072585254
WALKER'S POINT,550790157003,415,1,0.07906267860544866
WALKER'S POINT,550790157004,649,1,0.12364259859020765
WALKER'S POINT,550790164001,472,1,0.08992188988378738
WALKER'S POINT,550790164004,733,1,0.13964564678986474
WALKER'S POINT,550790165001,280,0.5118829981718465,0.053343493998856926
WALKER'S POINT,550790165002,108,0.1925133689839572,0.020575347685273384
WALKER'S POINT,550790165003,36,0.05844155844155844,0.006858449228424462
WALKER'S POINT,550791865001,829,0.9099890230515917,0.15793484473232997
WALKER'S POINT,550791865002,560,1,0.10668698799771385
WALKER'S POINT,550791868001,106,0.24480369515011546,0.020194322728138692
WALKER'S POINT,550791874001,77,0.17420814479638008,0.014669460849685654
WALNUT HILL,550790097002,855,1,0.40406427221172025
WALNUT HILL,550790098001,816,0.6591276252019386,0.3856332703213611
WALNUT HILL,550790122001,281,0.5597609561752988,0.1327977315689981
WALNUT HILL,550790122003,164,0.17317845828933473,0.07750472589792061
WASHINGTON HEIGHTS,550790092002,1035,1,0.12605042016806722
WASHINGTON HEIGHTS,550790093001,198,0.34196891191709844,0.02411399342345634
WASHINGTON HEIGHTS,550790093002,978,0.7824,0.11910851297040555
WASHINGTON HEIGHTS,550790093003,341,0.36238044633368754,0.04152965534039703
WASHINGTON HEIGHTS,550790094001,855,1,0.1041286079649251
WASHINGTON HEIGHTS,550790094002,975,1,0.11874314943368652
WASHINGTON HEIGHTS,550790094003,1183,1,0.14407502131287298
WASHINGTON HEIGHTS,550790095001,942,1,0.11472415052977712
WASHINGTON HEIGHTS,550790095002,824,1,0.10035318475216173
WASHINGTON HEIGHTS,550790095003,880,1,0.1071733041042504
WASHINGTON PARK,550790090002,380,0.8501118568232662,0.08616780045351474
WASHINGTON PARK,550790090003,1001,1,0.22698412698412698
WASHINGTON PARK,550790091002,354,0.7037773359840954,0.08027210884353742
WASHINGTON PARK,550790091003,673,1,0.1526077097505669
WASHINGTON PARK,550790096001,1229,1,0.27868480725623584
WASHINGTON PARK,550790096002,773,1,0.17528344671201815
WEDGEWOOD,550790197001,870,1,0.5451127819548872
WEDGEWOOD,550790197002,726,0.4935418082936778,0.4548872180451128
WEST VIEW,550790194002,1098,1,1
WHISPERING HILLS,550790001023,33,0.28448275862068967,1
WHITE MANOR,550790192001,365,0.4697554697554698,0.22067714631197097
WHITE MANOR,550790192002,746,1,0.45102781136638453
WHITE MANOR,550790192003,543,0.6926020408163265,0.3282950423216445
WICK FIELD,550790124002,583,0.5772277227722772,0.9982876712328768
WICK FIELD,550790125002,1,7.429420505200594e-4,0.0017123287671232876
WILLIAMSBURG,550790044001,16,0.06299212598425197,0.006683375104427736
WILLIAMSBURG,550790044002,1083,1,0.4523809523809524
WILLIAMSBURG,550790044003,589,0.9949324324324325,0.24603174603174602
WILLIAMSBURG,550790045001,706,1,0.29490392648287383
WILSON PARK,550790212002,190,0.657439446366782,0.08581752484191509
WILSON PARK,550790213001,1108,1,0.5004516711833785
WILSON PARK,550790214001,325,0.3540305010893246,0.14679313459801266
WILSON PARK,550790214002,591,0.9516908212560387,0.2669376693766938
WOODLAND COURT,550790197003,354,0.32656826568265684,0.6459854014598541
WOODLAND COURT,550790197004,194,0.16275167785234898,0.354014598540146
WYRICK PARK,550790008001,427,0.3961038961038961,1
YANKEE HILL,550790110002,31,0.2672413793103448,0.3229166666666667
YANKEE HILL,550790111002,35,1,0.3645833333333333
YANKEE HILL,550790113002,5,0.8333333333333334,0.052083333333333336
YANKEE HILL,550790143001,22,1,0.22916666666666666
YANKEE HILL,550790144002,1,0.017241379310344827,0.010416666666666666
YANKEE HILL,550791869001,2,0.0273972602739726,0.020833333333333332
