neighborhood,ward,bedrooms,pct.of.ward,pct.of.neighborhood
ALCOTT PARK,0272,1101,0.6672727272727272,0.6717510677242221
ALCOTT PARK,0273,538,0.41448382126348227,0.3282489322757779
ALVERNO,0280,463,0.19568892645815722,1
ARLINGTON GARDENS,0075,1395,1,0.5588942307692307
ARLINGTON GARDENS,0076,161,0.1358649789029536,0.06450320512820513
ARLINGTON GARDENS,0077,940,0.7035928143712575,0.3766025641025641
ARLINGTON HEIGHTS,0113,384,0.24489795918367346,0.08731241473396999
ARLINGTON HEIGHTS,0114,1111,1,0.25261482492041837
ARLINGTON HEIGHTS,0115,2077,1,0.47226011823556163
ARLINGTON HEIGHTS,0116,319,0.24519600307455802,0.07253296953160528
ARLINGTON HEIGHTS,0118,507,0.33029315960912053,0.11527967257844475
AVENUES WEST,0189,2,0.003875968992248062,0.001394700139470014
AVENUES WEST,0190,87,0.8285714285714286,0.060669456066945605
AVENUES WEST,0191,25,0.9259259259259259,0.017433751743375175
AVENUES WEST,0192,465,0.9728033472803347,0.32426778242677823
AVENUES WEST,0193,172,0.10129564193168433,0.1199442119944212
AVENUES WEST,0194,195,1,0.13598326359832635
AVENUES WEST,0195,254,0.6529562982005142,0.17712691771269176
AVENUES WEST,0196,234,0.17835365853658536,0.16317991631799164
BARAN PARK,0249,363,0.22448979591836735,1
BAY VIEW,0241,1605,1,0.08790185661865381
BAY VIEW,0242,1328,1,0.07273125581904814
BAY VIEW,0243,1601,1,0.08768278657100607
BAY VIEW,0244,1413,1,0.07738649433156251
BAY VIEW,0245,1250,1,0.0684593898899173
BAY VIEW,0246,2251,1,0.12328166931376308
BAY VIEW,0247,1133,1,0.06205159099622104
BAY VIEW,0248,2218,1,0.12147434142066926
BAY VIEW,0249,16,0.009894867037724181,8.762801905909415e-4
BAY VIEW,0292,72,0.04838709677419355,0.003943260857659237
BAY VIEW,0295,1154,0.7964113181504486,0.06320170874637165
BAY VIEW,0296,346,0.1987363584147042,0.018949559121529107
BAY VIEW,0297,1444,1,0.07908428720083246
BAY VIEW,0298,1322,1,0.07240265074757654
BAY VIEW,0300,1,4.6274872744099955e-4,5.476751191193384e-5
BAY VIEW,0301,434,0.20346929207688702,0.023769100169779286
BAY VIEW,0325,671,1,0.03674900049290761
BLUEMOUND HEIGHTS,0206,318,0.2713310580204778,0.09549549549549549
BLUEMOUND HEIGHTS,0207,1527,1,0.45855855855855854
BLUEMOUND HEIGHTS,0208,1424,1,0.4276276276276276
BLUEMOUND HEIGHTS,0209,61,0.04244954766875435,0.01831831831831832
BORCHERT FIELD,0112,706,0.4363411619283066,0.2035168636494667
BORCHERT FIELD,0113,1184,0.7551020408163265,0.3413087345056212
BORCHERT FIELD,0116,982,0.754803996925442,0.28307869703084465
BORCHERT FIELD,0117,597,0.4041976980365606,0.17209570481406747
BRADLEY ESTATES,0014,7,0.1891891891891892,0.004380475594493116
BRADLEY ESTATES,0015,1591,0.9875853507138423,0.9956195244055068
BREWER'S HILL,0141,20,0.01762114537444934,0.013821700069108501
BREWER'S HILL,0175,134,0.4281150159744409,0.09260539046302695
BREWER'S HILL,0177,1293,0.688865210442195,0.8935729094678645
BRYNWOOD,0013,47,0.04845360824742268,0.6527777777777778
BRYNWOOD,0014,5,0.13513513513513514,0.06944444444444445
BRYNWOOD,0015,20,0.012414649286157667,0.2777777777777778
BUCHEL PARK,0009,41,0.030597014925373135,1
BURNHAM PARK,0217,1598,0.8509052183173589,0.28128850554479845
BURNHAM PARK,0218,1885,0.7946880269814502,0.3318077803203661
BURNHAM PARK,0221,2198,0.8565861262665627,0.38690371413483543
CALUMET FARMS,0006,452,0.19063686208350908,0.3656957928802589
CALUMET FARMS,0008,784,0.338368580060423,0.6343042071197411
CAMBRIDGE HEIGHTS,0127,1374,0.6205962059620597,0.7006629270780215
CAMBRIDGE HEIGHTS,0128,587,0.23583768581759743,0.2993370729219786
CANNON PARK,0210,924,1,0.6548547129695251
CANNON PARK,0211,487,0.4095878889823381,0.34514528703047487
CAPITOL HEIGHTS,0070,2005,0.8319502074688797,0.35822762194032515
CAPITOL HEIGHTS,0071,794,0.5603387438249824,0.141861711631231
CAPITOL HEIGHTS,0072,1142,0.5826530612244898,0.20403787743433982
CAPITOL HEIGHTS,0073,373,0.18221787982413287,0.06664284438091835
CAPITOL HEIGHTS,0074,1269,1,0.2267286046096123
CAPITOL HEIGHTS,0076,14,0.01181434599156118,0.002501340003573343
CASTLE MANOR,0308,45,0.06818181818181818,0.019902697921273773
CASTLE MANOR,0309,2216,1,0.9800973020787263
CLARKE SQUARE,0220,265,0.16227801592161667,0.056696619597774923
CLARKE SQUARE,0225,532,0.2749354005167959,0.11382113821138211
CLARKE SQUARE,0226,826,1,0.17672229353872487
CLARKE SQUARE,0227,620,0.5688073394495413,0.1326486949080017
CLARKE SQUARE,0228,951,0.6861471861471862,0.20346598202824134
CLARKE SQUARE,0229,716,0.4676681907250163,0.15318784766795038
CLARKE SQUARE,0320,44,1,0.009413778348309799
CLARKE SQUARE,0321,720,1,0.1540436456996149
CLAYTON CREST,0312,1804,1,1
CLOCK TOWER ACRES,0239,145,0.09533201840894148,0.12510785159620363
CLOCK TOWER ACRES,0240,1014,0.7396061269146609,0.8748921484037964
COLD SPRING PARK,0193,147,0.08657243816254417,0.10575539568345324
COLD SPRING PARK,0199,198,0.38976377952755903,0.14244604316546763
COLD SPRING PARK,0200,1045,0.9858490566037735,0.7517985611510791
COLLEGE HEIGHTS,0315,960,0.4067796610169492,1
COLUMBUS PARK,0072,818,0.4173469387755102,0.20985120574653668
COLUMBUS PARK,0073,1674,0.8177821201758672,0.42945100051308366
COLUMBUS PARK,0076,1010,0.8523206751054853,0.25910723447922013
COLUMBUS PARK,0077,396,0.2964071856287425,0.10159055926115956
CONCORDIA,0195,135,0.34704370179948585,0.1330049261083744
CONCORDIA,0198,570,1,0.5615763546798029
CONCORDIA,0199,310,0.610236220472441,0.3054187192118227
COOPER PARK,0085,312,0.18772563176895307,0.08402908699165096
COOPER PARK,0086,1676,1,0.4513870185833558
COOPER PARK,0087,979,1,0.2636681928359817
COOPER PARK,0088,746,0.5202231520223152,0.2009157015890116
COPERNICUS PARK,0313,587,0.20712773465067044,0.48114754098360657
COPERNICUS PARK,0314,540,0.4272151898734177,0.4426229508196721
COPERNICUS PARK,0315,93,0.03940677966101695,0.07622950819672131
DINEEN PARK,0070,405,0.16804979253112035,0.13946280991735538
DINEEN PARK,0091,2320,1,0.7988980716253443
DINEEN PARK,0092,2,9.033423667570009e-4,6.887052341597796e-4
DINEEN PARK,0094,177,0.3968609865470852,0.060950413223140494
DOWNER WOODS,0127,840,0.3794037940379404,0.3
DOWNER WOODS,0130,121,1,0.04321428571428571
DOWNER WOODS,0131,1839,0.7992177314211213,0.6567857142857143
DRETZKA PARK,0001,129,0.13550420168067226,1
ENDERIS PARK,0092,1538,0.6946702800361337,0.4912168636218461
ENDERIS PARK,0093,1037,1,0.3312040881507506
ENDERIS PARK,0164,243,0.14481525625744934,0.07761098690514212
ENDERIS PARK,0165,313,0.16973969631236444,0.09996806132226126
ESTABROOK PARK,0124,67,0.2012012012012012,1
EUCLID PARK,0271,1317,0.7057877813504824,1
FAIR PARK,0211,702,0.5904121110176619,0.48817802503477054
FAIR PARK,0212,736,0.3667164922770304,0.5118219749652295
FAIRFIELD,0019,96,0.0821917808219178,0.08735213830755233
FAIRFIELD,0020,16,0.009065155807365438,0.014558689717925387
FAIRFIELD,0021,986,0.9919517102615694,0.8971792538671519
FAIRFIELD,0023,1,0.0010787486515641855,9.099181073703367e-4
FAIRVIEW,0265,1376,1,0.31358249772105745
FAIRVIEW,0266,1553,1,0.35391978122151324
FAIRVIEW,0267,1459,1,0.33249772105742936
FERNWOOD,0299,1547,1,0.4173185864580523
FERNWOOD,0300,2160,0.999537251272559,0.5826814135419477
FLORIST HIGHLANDS,0033,1259,0.34017833018103216,1
FOREST HOME HILLS,0224,986,0.4939879759519038,0.27297895902547065
FOREST HOME HILLS,0256,268,0.19633699633699633,0.07419712070874862
FOREST HOME HILLS,0257,2318,1,0.641749723145072
FOREST HOME HILLS,0258,17,0.00684931506849315,0.004706533776301218
FOREST HOME HILLS,0284,1,9.363295880149813e-4,2.768549280177187e-4
FOREST HOME HILLS,0322,22,0.06547619047619048,0.006090808416389812
FRANKLIN HEIGHTS,0105,407,0.28011011699931176,0.05289148797920728
FRANKLIN HEIGHTS,0106,1172,1,0.15230669265756985
FRANKLIN HEIGHTS,0107,1501,0.9980053191489362,0.19506172839506172
FRANKLIN HEIGHTS,0108,1526,1,0.19831059129304743
FRANKLIN HEIGHTS,0109,1954,1,0.2539311241065627
FRANKLIN HEIGHTS,0110,1135,1,0.147498375568551
FREEDOM VILLAGE,0004,60,0.21897810218978103,1
GARDEN HOMES,0060,649,0.3991389913899139,0.32065217391304346
GARDEN HOMES,0061,1001,0.7338709677419355,0.4945652173913043
GARDEN HOMES,0063,374,0.334525939177102,0.18478260869565216
GOLDEN GATE,0008,873,0.3767803193785067,1
GOLDEN VALLEY,0080,724,0.575516693163752,0.19939410630680254
GOLDEN VALLEY,0081,1361,1,0.3748278711098871
GOLDEN VALLEY,0082,1106,0.6947236180904522,0.30459928394381713
GOLDEN VALLEY,0083,440,0.20599250936329588,0.12117873863949326
GOLDMAN PARK,0313,632,0.22300635144671843,0.38118214716525933
GOLDMAN PARK,0315,1026,0.4347457627118644,0.6188178528347407
GRA-RAM,0313,1615,0.5698659139026111,1
GRACELAND,0013,259,0.2670103092783505,0.09106891701828411
GRACELAND,0016,1795,0.8939243027888446,0.6311533052039381
GRACELAND,0017,433,0.3377535101404056,0.15225035161744022
GRACELAND,0019,356,0.3047945205479452,0.12517580872011252
GRACELAND,0024,1,0.0010214504596527069,3.5161744022503517e-4
GRANTOSA,0080,531,0.4220985691573927,1
GRANVILLE STATION,0001,288,0.3025210084033613,0.34657039711191334
GRANVILLE STATION,0006,305,0.12863770560944748,0.36702767749699156
GRANVILLE STATION,0007,238,0.1853582554517134,0.28640192539109505
GRANVILLE WOODS,0004,23,0.08394160583941605,1
GRASSLYN MANOR,0096,1297,0.6520864756158874,0.24956705791802963
GRASSLYN MANOR,0097,268,0.15464512406231967,0.05156821243024822
GRASSLYN MANOR,0098,1150,1,0.2212815085626323
GRASSLYN MANOR,0099,2006,0.916400182731841,0.3859919184144699
GRASSLYN MANOR,0100,476,0.345679012345679,0.09159130267461997
GREEN MOOR,0277,641,0.313600782778865,1
GROVER HEIGHTS,0118,322,0.20977198697068403,0.9969040247678018
GROVER HEIGHTS,0119,1,6.265664160401002e-4,0.0030959752321981426
HALYARD PARK,0142,252,0.1811646297627606,0.5874125874125874
HALYARD PARK,0175,177,0.5654952076677316,0.4125874125874126
HAMPTON HEIGHTS,0042,796,0.4270386266094421,0.11776890072495931
HAMPTON HEIGHTS,0044,1915,1,0.283325935789318
HAMPTON HEIGHTS,0046,1213,1,0.17946441781328598
HAMPTON HEIGHTS,0047,2106,1,0.31158455392809586
HAMPTON HEIGHTS,0050,729,0.6029776674937966,0.10785619174434088
HARAMBEE,0120,1460,1,0.14394163462486445
HARAMBEE,0121,1414,1,0.13940648723257418
HARAMBEE,0122,1808,1,0.1782510105491472
HARAMBEE,0123,1107,0.5253915519696251,0.10913930789707187
HARAMBEE,0139,1249,0.40816993464052287,0.12313911071675047
HARAMBEE,0140,851,1,0.08390022675736962
HARAMBEE,0141,1115,0.9823788546255506,0.10992802918268757
HARAMBEE,0142,1139,0.8188353702372394,0.11229419303953465
HARBOR VIEW,0235,28,0.024096385542168676,0.19444444444444445
HARBOR VIEW,0240,116,0.08460977388767323,0.8055555555555556
HARDER'S OAKS,0280,466,0.19695688926458157,1
HAVENWOODS,0023,531,0.5728155339805825,0.9499105545617174
HAVENWOODS,0024,28,0.028600612870275793,0.05008944543828265
HAWLEY FARMS,0268,1807,0.5893672537508154,1
HAWTHORNE GLEN,0203,8,0.004289544235924933,0.01873536299765808
HAWTHORNE GLEN,0204,419,0.2615480649188514,0.9812646370023419
HAYMARKET,0176,40,0.2094240837696335,1
HERITAGE HEIGHTS,0033,686,0.18535530937584438,1
HIGHWOOD ESTATES,0269,274,0.21339563862928349,0.1629013079667063
HIGHWOOD ESTATES,0270,1408,0.8979591836734694,0.8370986920332937
HILLSIDE,0175,2,0.006389776357827476,0.014925373134328358
HILLSIDE,0176,132,0.6910994764397905,0.9850746268656716
HILLTOP PARISH,0003,3,0.003161222339304531,1
HISTORIC MITCHELL STREET,0230,863,0.42387033398821217,0.1207668625804646
HISTORIC MITCHELL STREET,0231,900,0.7531380753138075,0.12594458438287154
HISTORIC MITCHELL STREET,0232,351,0.3238007380073801,0.0491183879093199
HISTORIC MITCHELL STREET,0237,1506,1,0.21074727120067172
HISTORIC MITCHELL STREET,0238,1909,1,0.2671424573187797
HISTORIC MITCHELL STREET,0239,1376,0.9046679815910585,0.19255527567870137
HISTORIC MITCHELL STREET,0240,241,0.17578409919766594,0.03372516092919116
HISTORIC THIRD WARD,0186,215,0.4820627802690583,1
HOLLER PARK,0316,563,0.36990801576872534,1
HONEY CREEK MANOR,0278,1404,1,0.4722502522704339
HONEY CREEK MANOR,0279,1569,0.6510373443983403,0.5277497477295661
HONEY CREEK PARKWAY,0209,1376,0.9575504523312457,1
JACKSON PARK,0260,321,0.3929008567931457,0.042477173481540294
JACKSON PARK,0261,1115,1,0.1475453222178113
JACKSON PARK,0262,2160,1,0.28582770940849545
JACKSON PARK,0263,854,1,0.11300780733095143
JACKSON PARK,0264,427,0.2051898125901009,0.05650390366547572
JACKSON PARK,0280,1437,0.6073541842772612,0.19015482334259626
JACKSON PARK,0281,1243,0.7793103448275862,0.16448326055312956
JOHNSON'S WOODS,0212,1271,0.6332835077229696,0.43304940374787054
JOHNSON'S WOODS,0213,1664,0.9993993993993994,0.5669505962521295
JUNEAU TOWN,0181,3,0.08333333333333333,0.00964630225080386
JUNEAU TOWN,0183,21,0.01675977653631285,0.06752411575562701
JUNEAU TOWN,0184,19,0.2111111111111111,0.06109324758842444
JUNEAU TOWN,0185,37,0.6166666666666667,0.1189710610932476
JUNEAU TOWN,0186,231,0.5179372197309418,0.7427652733118971
KILBOURN TOWN,0176,5,0.02617801047120419,0.023923444976076555
KILBOURN TOWN,0187,79,0.8681318681318682,0.37799043062200954
KILBOURN TOWN,0188,54,1,0.2583732057416268
KILBOURN TOWN,0189,71,0.1375968992248062,0.3397129186602871
KING PARK,0174,426,0.2860980523841504,0.5649867374005305
KING PARK,0189,315,0.6104651162790697,0.4177718832891247
KING PARK,0192,13,0.027196652719665274,0.017241379310344827
KOPS PARK,0083,1503,0.7036516853932584,0.4178482068390325
KOPS PARK,0084,1406,0.8859483301827347,0.3908812899638588
KOPS PARK,0088,688,0.4797768479776848,0.1912705031971087
LAND BANK,0004,6,0.021897810218978103,0.024793388429752067
LAND BANK,0005,173,0.37044967880085655,0.7148760330578512
LAND BANK,0009,38,0.028358208955223882,0.15702479338842976
LAND BANK,0014,25,0.6756756756756757,0.10330578512396695
LAYTON PARK,0217,280,0.14909478168264112,0.0426049908703591
LAYTON PARK,0218,487,0.20531197301854975,0.07410225197808887
LAYTON PARK,0221,368,0.14341387373343725,0.05599513085818624
LAYTON PARK,0223,909,0.3957335655202438,0.13831405964698723
LAYTON PARK,0258,2465,0.9931506849315068,0.37507608034083995
LAYTON PARK,0259,1612,1,0.24528301886792453
LAYTON PARK,0260,451,0.5520195838433293,0.06862446743761412
LENOX HEIGHTS,0092,674,0.3044263775971093,0.43483870967741933
LENOX HEIGHTS,0094,215,0.4820627802690583,0.13870967741935483
LENOX HEIGHTS,0164,661,0.39392133492252684,0.4264516129032258
LINCOLN CREEK,0063,15,0.013416815742397137,0.0024675111037999672
LINCOLN CREEK,0065,2029,1,0.33377200197400886
LINCOLN CREEK,0066,588,1,0.09672643526895872
LINCOLN CREEK,0067,135,0.09985207100591716,0.022207599934199705
LINCOLN CREEK,0068,804,0.3500217675228559,0.13225859516367824
LINCOLN CREEK,0069,1885,1,0.3100838953775292
LINCOLN CREEK,0071,623,0.43966125617501767,0.1024839611778253
LINCOLN PARK,0055,1045,0.4405564924114671,0.23541338139220544
LINCOLN PARK,0056,822,1,0.18517684163099798
LINCOLN PARK,0057,1520,1,0.3424194638432079
LINCOLN PARK,0058,895,0.6689088191330343,0.20162198693399414
LINCOLN PARK,0059,1,3.6231884057971015e-4,2.2527596305474206e-4
LINCOLN PARK,0062,156,0.1422060164083865,0.03514305023653976
LINCOLN VILLAGE,0249,1238,0.7656153370439085,0.13806178208988512
LINCOLN VILLAGE,0250,1202,1,0.13404706144752984
LINCOLN VILLAGE,0251,1045,1,0.11653841864614699
LINCOLN VILLAGE,0252,464,0.3118279569892473,0.05174528827924613
LINCOLN VILLAGE,0253,644,1,0.07181889149102264
LINCOLN VILLAGE,0254,860,1,0.09590721534515445
LINCOLN VILLAGE,0255,1023,1,0.11408497825359652
LINCOLN VILLAGE,0256,1097,0.8036630036630037,0.12233745957399353
LINCOLN VILLAGE,0323,906,1,0.10103713616594179
LINCOLN VILLAGE,0324,488,1,0.05442176870748299
LINDSAY PARK,0078,1729,1,0.45632092900501453
LINDSAY PARK,0079,2060,1,0.5436790709949855
LITTLE MENOMONEE PARKWAY,0032,766,0.2758372344256392,0.8183760683760684
LITTLE MENOMONEE PARKWAY,0033,170,0.04593353147797893,0.18162393162393162
LONG VIEW,0036,3,0.0029498525073746312,9.633911368015414e-4
LONG VIEW,0038,411,0.6246200607902735,0.13198458574181118
LONG VIEW,0039,1632,1,0.5240847784200385
LONG VIEW,0042,1068,0.572961373390558,0.34296724470134876
LOWER EAST SIDE,0135,19,0.021764032073310423,0.004719324391455539
LOWER EAST SIDE,0178,1439,1,0.3574267262791853
LOWER EAST SIDE,0179,962,1,0.23894684550422254
LOWER EAST SIDE,0180,61,0.12448979591836734,0.015151515151515152
LOWER EAST SIDE,0181,2,0.05555555555555555,4.967709885742673e-4
LOWER EAST SIDE,0182,311,1,0.07724788872329856
LOWER EAST SIDE,0183,1232,0.9832402234636871,0.30601092896174864
LYONS PARK,0268,674,0.21983039791258968,0.4448844884488449
LYONS PARK,0279,841,0.34896265560165973,0.5551155115511551
MACK ACRES,0008,218,0.09408718170047475,1
MAITLAND PARK,0314,724,0.5727848101265823,0.6954851104707013
MAITLAND PARK,0315,281,0.11906779661016949,0.26993275696445723
MAITLAND PARK,0316,36,0.023653088042049936,0.0345821325648415
MAPLE TREE,0008,82,0.035390591281829954,0.0779467680608365
MAPLE TREE,0032,970,0.34929780338494776,0.9220532319391636
MARQUETTE,0191,2,0.07407407407407407,1
MARTIN DRIVE,0201,426,0.5496774193548387,0.24912280701754386
MARTIN DRIVE,0202,1284,0.894773519163763,0.7508771929824561
MC GOVERN PARK,0045,1029,0.650853889943074,0.3237885462555066
MC GOVERN PARK,0048,1055,1,0.33196979232221524
MC GOVERN PARK,0049,1094,0.9374464438731791,0.3442416614222782
MELODY VIEW,0009,758,0.5656716417910448,1
MENOMONEE RIVER HILLS,0008,42,0.01812688821752266,0.006486486486486486
MENOMONEE RIVER HILLS,0009,493,0.367910447761194,0.07613899613899613
MENOMONEE RIVER HILLS,0010,2345,1,0.3621621621621622
MENOMONEE RIVER HILLS,0011,2030,1,0.31351351351351353
MENOMONEE RIVER HILLS,0028,262,1,0.04046332046332046
MENOMONEE RIVER HILLS,0029,386,1,0.05961389961389962
MENOMONEE RIVER HILLS,0030,375,0.29024767801857587,0.05791505791505792
MENOMONEE RIVER HILLS,0032,542,0.19517464890169248,0.08370656370656371
MENOMONEE RIVER HILLS EAST,0009,10,0.007462686567164179,0.004032258064516129
MENOMONEE RIVER HILLS EAST,0012,1799,1,0.7254032258064517
MENOMONEE RIVER HILLS EAST,0013,649,0.6690721649484536,0.2616935483870968
MENOMONEE RIVER HILLS EAST,0024,1,0.0010214504596527069,4.032258064516129e-4
MENOMONEE RIVER HILLS EAST,0026,21,0.012223515715948778,0.008467741935483872
MENOMONEE RIVER PARKWAY,0055,722,0.30438448566610454,1
MENOMONEE RIVER VALLEY,0187,12,0.13186813186813187,0.08391608391608392
MENOMONEE RIVER VALLEY,0190,18,0.17142857142857143,0.1258741258741259
MENOMONEE RIVER VALLEY,0196,13,0.009908536585365854,0.09090909090909091
MENOMONEE RIVER VALLEY,0215,10,0.00856898029134533,0.06993006993006994
MENOMONEE RIVER VALLEY,0227,46,0.04220183486238532,0.32167832167832167
MENOMONEE RIVER VALLEY,0234,24,0.024242424242424242,0.16783216783216784
MENOMONEE RIVER VALLEY,0235,20,0.01721170395869191,0.13986013986013987
MERRILL PARK,0196,1065,0.8117378048780488,0.44062887877534135
MERRILL PARK,0197,809,1,0.3347124534546959
MERRILL PARK,0214,543,0.5161596958174905,0.22465866776996277
METCALFE PARK,0151,652,0.6093457943925233,0.2959600544711757
METCALFE PARK,0152,741,0.5995145631067961,0.336359509759419
METCALFE PARK,0154,562,0.34885164494103044,0.25510667271901954
METCALFE PARK,0155,248,0.16262295081967212,0.11257376305038584
MIDTOWN,0149,724,0.3521400778210117,0.13139745916515427
MIDTOWN,0150,459,0.30197368421052634,0.08330308529945553
MIDTOWN,0170,566,0.4812925170068027,0.10272232304900182
MIDTOWN,0171,221,0.33183183183183185,0.04010889292196007
MIDTOWN,0172,662,1,0.12014519056261343
MIDTOWN,0173,1484,1,0.2693284936479129
MIDTOWN,0193,1379,0.8121319199057715,0.2502722323049002
MIDTOWN,0200,15,0.014150943396226415,0.0027223230490018148
MILL VALLEY,0033,148,0.039989192110240476,1
MILLER VALLEY,0201,349,0.4503225806451613,0.6993987975951904
MILLER VALLEY,0202,150,0.10452961672473868,0.30060120240480964
MITCHELL FIELD,0316,42,0.02759526938239159,0.15613382899628253
MITCHELL FIELD,0317,227,0.13592814371257486,0.8438661710037175
MITCHELL PARK,0227,48,0.044036697247706424,1
MITCHELL WEST,0304,62,0.037920489296636085,0.027555555555555555
MITCHELL WEST,0308,615,0.9318181818181818,0.2733333333333333
MITCHELL WEST,0310,634,1,0.2817777777777778
MITCHELL WEST,0311,618,1,0.27466666666666667
MITCHELL WEST,0316,321,0.21090670170827858,0.14266666666666666
MORGAN HEIGHTS,0270,47,0.029974489795918366,0.02428940568475452
MORGAN HEIGHTS,0273,760,0.5855161787365177,0.39276485788113696
MORGAN HEIGHTS,0274,1128,0.8847058823529412,0.5829457364341085
MORGANDALE,0286,677,0.6696340257171117,0.07810336871250577
MORGANDALE,0287,1043,1,0.12032764190124597
MORGANDALE,0288,2428,0.9661758853959411,0.28011075219197046
MORGANDALE,0289,1798,1,0.2074296262113521
MORGANDALE,0290,496,0.28753623188405797,0.05722196585140748
MORGANDALE,0291,419,0.25180288461538464,0.048338717120443006
MORGANDALE,0292,1166,0.7836021505376344,0.13451776649746192
MORGANDALE,0306,641,0.6104761904761905,0.07395016151361329
MOUNT MARY,0082,486,0.30527638190954776,0.21990950226244343
MOUNT MARY,0083,193,0.09035580524344569,0.08733031674208144
MOUNT MARY,0084,181,0.11405166981726528,0.08190045248868778
MOUNT MARY,0085,1350,0.8122743682310469,0.6108597285067874
MOUNT OLIVET,0281,129,0.08087774294670846,0.9020979020979021
MOUNT OLIVET,0326,14,1,0.0979020979020979
MURRAY HILL,0128,259,0.10405785456006428,0.10909856781802864
MURRAY HILL,0129,561,0.275811209439528,0.2363100252737995
MURRAY HILL,0132,35,0.015425297487880123,0.014743049705139006
MURRAY HILL,0133,221,1,0.09309182813816344
MURRAY HILL,0134,585,1,0.2464195450716091
MURRAY HILL,0135,443,0.5074455899198167,0.18660488626790228
MURRAY HILL,0136,270,0.30303030303030304,0.11373209772535804
MUSKEGO WAY,0222,1877,1,0.23577440020097978
MUSKEGO WAY,0223,1388,0.6042664344797563,0.1743499560356739
MUSKEGO WAY,0224,1010,0.5060120240480962,0.12686848385881172
MUSKEGO WAY,0225,1403,0.7250645994832041,0.17623414143951766
MUSKEGO WAY,0229,815,0.5323318092749837,0.10237407360884311
MUSKEGO WAY,0230,1173,0.5761296660117878,0.14734329858058032
MUSKEGO WAY,0231,295,0.24686192468619247,0.03705564627559352
NASH PARK,0089,1324,0.6221804511278195,0.49421425905188504
NASH PARK,0090,1355,0.7646726862302483,0.505785740948115
NATIONAL PARK,0215,279,0.2390745501285347,0.13998996487706974
NATIONAL PARK,0220,1368,0.8377219840783834,0.6864024084295033
NATIONAL PARK,0227,346,0.3174311926605505,0.173607626693427
NEW COELN,0316,560,0.3679369250985545,1
NORTH DIVISION,0112,912,0.5636588380716935,0.1374114810908543
NORTH DIVISION,0117,880,0.5958023019634394,0.13259002561398223
NORTH DIVISION,0143,1552,1,0.23384059062829593
NORTH DIVISION,0144,585,0.6216790648246546,0.08814223293656773
NORTH DIVISION,0145,606,1,0.09130631309326503
NORTH DIVISION,0146,464,1,0.06991110441464517
NORTH DIVISION,0147,543,0.23096554657592513,0.08181407262317313
NORTH DIVISION,0148,1095,0.6956797966963151,0.16498417959921652
NORTH GRANVILLE,0001,202,0.21218487394957983,1
NORTH MEADOWS,0001,333,0.34978991596638653,0.9970059880239521
NORTH MEADOWS,0002,1,1,0.0029940119760479044
NORTHPOINT,0132,1322,0.5826355222565006,0.7149810708491077
NORTHPOINT,0135,69,0.07903780068728522,0.03731746890210925
NORTHPOINT,0180,429,0.8755102040816326,0.23201730665224446
NORTHPOINT,0181,29,0.8055555555555556,0.01568415359653867
NORTHRIDGE,0003,639,0.6733403582718651,1
NORTHRIDGE LAKES,0004,152,0.5547445255474452,1
OLD NORTH MILWAUKEE,0049,73,0.06255355612682091,0.007306575918326494
OLD NORTH MILWAUKEE,0050,480,0.3970223325062035,0.048043238915023524
OLD NORTH MILWAUKEE,0051,1223,1,0.12241016915223701
OLD NORTH MILWAUKEE,0052,1925,1,0.1926734060654589
OLD NORTH MILWAUKEE,0053,747,1,0.07476729056150536
OLD NORTH MILWAUKEE,0054,942,1,0.09428485637073367
OLD NORTH MILWAUKEE,0055,450,0.1897133220910624,0.04504053648283455
OLD NORTH MILWAUKEE,0061,56,0.04105571847507331,0.005605044540086077
OLD NORTH MILWAUKEE,0062,531,0.4840474020054695,0.05314783304974477
OLD NORTH MILWAUKEE,0063,729,0.6520572450805009,0.07296566910219197
OLD NORTH MILWAUKEE,0064,2835,1,0.28375537984185767
PARK KNOLL,0033,1408,0.38043771953526073,1
PARK PLACE,0008,318,0.13724643936124298,1
PARK VIEW,0174,351,0.23572867696440564,0.732776617954071
PARK VIEW,0189,128,0.24806201550387597,0.267223382045929
PARK WEST,0105,487,0.33516861665519615,0.08684022824536376
PARK WEST,0111,1563,1,0.2787089871611983
PARK WEST,0147,1808,0.7690344534240748,0.3223965763195435
PARK WEST,0149,1332,0.6478599221789884,0.23751783166904422
PARK WEST,0151,418,0.39065420560747666,0.07453637660485021
PARKWAY HILLS,0030,8,0.006191950464396285,0.015779092702169626
PARKWAY HILLS,0032,499,0.17969031328772056,0.9842209072978304
PHEASANT RUN,0006,756,0.3188528047237453,0.4195338512763596
PHEASANT RUN,0007,1046,0.8146417445482866,0.5804661487236404
POLLBER HEIGHTS,0005,278,0.5952890792291221,1
POLONIA,0252,1024,0.6881720430107527,0.2247585601404741
POLONIA,0285,462,1,0.10140474100087796
POLONIA,0286,271,0.26805143422354105,0.05948200175592625
POLONIA,0290,1229,0.712463768115942,0.26975417032484633
POLONIA,0291,1245,0.7481971153846154,0.27326602282704127
POLONIA,0292,11,0.00739247311827957,0.002414398595258999
POLONIA,0322,314,0.9345238095238095,0.06892010535557506
RED OAK HEIGHTS,0276,745,0.31905781584582443,1
RIDGEVIEW,0003,307,0.32349841938883034,1
RIVER BEND,0268,585,0.1908023483365949,0.3667711598746082
RIVER BEND,0269,1010,0.7866043613707165,0.6332288401253918
RIVERSIDE PARK,0128,36,0.01446364001607071,0.036036036036036036
RIVERSIDE PARK,0135,342,0.3917525773195876,0.34234234234234234
RIVERSIDE PARK,0136,621,0.696969696969697,0.6216216216216216
RIVERTON HEIGHTS,0006,858,0.3618726275832982,1
RIVERWEST,0123,1000,0.47460844803037494,0.09837678307919331
RIVERWEST,0124,173,0.5195195195195195,0.01701918347270044
RIVERWEST,0125,2002,1,0.19695031972454502
RIVERWEST,0126,837,1,0.0823413674372848
RIVERWEST,0137,751,1,0.07388096409247417
RIVERWEST,0138,3007,1,0.29581898671913426
RIVERWEST,0139,1811,0.5918300653594771,0.1781603541564191
RIVERWEST,0177,584,0.311134789557805,0.057452041318248895
ROLLING GREEN,0270,113,0.07206632653061225,0.06539351851851852
ROLLING GREEN,0274,147,0.11529411764705882,0.08506944444444445
ROLLING GREEN,0275,1468,0.7281746031746031,0.8495370370370371
ROOSEVELT GROVE,0099,183,0.08359981726815897,0.03567251461988304
ROOSEVELT GROVE,0100,672,0.4880174291938998,0.13099415204678364
ROOSEVELT GROVE,0101,1922,1,0.3746588693957115
ROOSEVELT GROVE,0102,1117,0.4669732441471572,0.21773879142300195
ROOSEVELT GROVE,0104,733,0.2591937765205092,0.1428849902534113
ROOSEVELT GROVE,0105,500,0.3441156228492774,0.09746588693957114
ROOSEVELT GROVE,0107,3,0.0019946808510638296,5.847953216374269e-4
ROOT CREEK,0277,1397,0.6834637964774951,1
RUFUS KING,0058,443,0.3310911808669656,0.09048202614379085
RUFUS KING,0059,2759,0.9996376811594203,0.5635212418300654
RUFUS KING,0060,977,0.6008610086100861,0.19955065359477125
RUFUS KING,0061,307,0.2250733137829912,0.06270424836601307
RUFUS KING,0062,410,0.37374658158614404,0.08374183006535947
SAINT JOSEPH,0094,54,0.1210762331838565,0.007982261640798226
SAINT JOSEPH,0095,1183,1,0.17487065779748706
SAINT JOSEPH,0097,253,0.14598961338718985,0.03739837398373984
SAINT JOSEPH,0103,1218,0.40694954894754426,0.18004434589800444
SAINT JOSEPH,0160,1561,1,0.23074648928307465
SAINT JOSEPH,0161,540,1,0.07982261640798226
SAINT JOSEPH,0163,1188,0.7333333333333333,0.17560975609756097
SAINT JOSEPH,0164,768,0.4576877234803337,0.11352549889135255
SAVELAND PARK,0292,239,0.16061827956989247,0.13175303197353913
SAVELAND PARK,0293,1575,1,0.8682469680264608
SCHLITZ PARK,0176,14,0.07329842931937172,1
SERVITE WOODS,0005,16,0.034261241970021415,1
SHERMAN PARK,0102,141,0.058946488294314384,0.02083949157552468
SHERMAN PARK,0103,432,0.14433678583361176,0.0638486550399054
SHERMAN PARK,0104,2095,0.7408062234794908,0.30963641738102277
SHERMAN PARK,0105,59,0.040605643496214726,0.008720070942950044
SHERMAN PARK,0152,495,0.40048543689320387,0.07315991723322494
SHERMAN PARK,0153,1752,1,0.25894176766183863
SHERMAN PARK,0154,1049,0.6511483550589696,0.15503990540939994
SHERMAN PARK,0155,118,0.07737704918032787,0.01744014188590009
SHERMAN PARK,0156,625,0.35693889206167906,0.09237363287023352
SILVER CITY,0215,878,0.7523564695801199,0.24087791495198901
SILVER CITY,0216,1064,1,0.29190672153635117
SILVER CITY,0219,1673,1,0.4589849108367627
SILVER CITY,0227,30,0.027522935779816515,0.00823045267489712
SILVER SPRING,0023,395,0.4261057173678533,0.04417850352309585
SILVER SPRING,0024,949,0.9693564862104188,0.10614025276814675
SILVER SPRING,0025,1810,1,0.20243820601722404
SILVER SPRING,0026,1697,0.9877764842840512,0.1897997986802371
SILVER SPRING,0027,1510,1,0.16888491220221452
SILVER SPRING,0030,240,0.18575851393188855,0.026842635052007607
SILVER SPRING,0040,21,0.02001906577693041,0.0023487305670506654
SILVER SPRING,0041,1250,0.962278675904542,0.13980539089587293
SILVER SPRING,0043,517,1,0.05782350967453305
SILVER SPRING,0045,552,0.349146110056926,0.061738060619617494
SILVER SWAN,0030,669,0.5178018575851393,0.3285854616895874
SILVER SWAN,0031,1367,1,0.6714145383104125
SOUTHGATE,0260,45,0.05507955936352509,0.03067484662576687
SOUTHGATE,0281,223,0.13981191222570533,0.1520109066121336
SOUTHGATE,0283,69,0.049145299145299144,0.04703476482617587
SOUTHGATE,0284,1067,0.9990636704119851,0.7273346966598501
SOUTHGATE,0286,63,0.06231454005934718,0.04294478527607362
SOUTHPOINT,0282,15,1,0.009771986970684038
SOUTHPOINT,0283,1335,0.9508547008547008,0.8697068403908795
SOUTHPOINT,0288,85,0.033824114604058896,0.05537459283387622
SOUTHPOINT,0306,100,0.09523809523809523,0.06514657980456026
ST. AMELIAN'S,0080,3,0.0023847376788553257,0.0024509803921568627
ST. AMELIAN'S,0089,804,0.37781954887218044,0.6568627450980392
ST. AMELIAN'S,0090,417,0.2353273137697517,0.34068627450980393
STORY HILL,0205,1046,0.8538775510204082,0.5502367175170962
STORY HILL,0206,854,0.7286689419795221,0.4492372435560231
STORY HILL,0214,1,9.505703422053232e-4,5.260389268805891e-4
SUNSET HEIGHTS,0096,692,0.3479135243841126,0.15010845986984817
SUNSET HEIGHTS,0097,1212,0.6993652625504905,0.2629067245119306
SUNSET HEIGHTS,0100,229,0.16630355846042122,0.04967462039045553
SUNSET HEIGHTS,0102,1134,0.47408026755852845,0.24598698481561823
SUNSET HEIGHTS,0103,1343,0.448713665218844,0.2913232104121475
THE VALLEY / PIGSVILLE,0202,1,6.968641114982578e-4,0.0019646365422396855
THE VALLEY / PIGSVILLE,0214,508,0.4828897338403042,0.9980353634577603
THURSTON WOODS,0020,1749,0.9909348441926346,0.47347049269085
THURSTON WOODS,0021,8,0.008048289738430584,0.002165674066053059
THURSTON WOODS,0022,1782,1,0.4824038982133189
THURSTON WOODS,0055,155,0.06534569983136594,0.04195993502977802
TIMMERMAN AIRPORT,0035,129,0.07146814404432134,0.7049180327868853
TIMMERMAN AIRPORT,0036,54,0.05309734513274336,0.29508196721311475
TIMMERMAN WEST,0033,30,0.00810591731964334,0.009746588693957114
TIMMERMAN WEST,0034,1372,1,0.4457439896036387
TIMMERMAN WEST,0035,1676,0.9285318559556787,0.5445094217024041
TIPPECANOE,0294,1197,1,0.17937958939007942
TIPPECANOE,0295,295,0.20358868184955142,0.044208002397722164
TIPPECANOE,0296,1395,0.8012636415852958,0.20905140116888957
TIPPECANOE,0301,1699,0.796530707923113,0.25460812228383034
TIPPECANOE,0302,1012,0.7413919413919414,0.151655926869474
TIPPECANOE,0303,409,0.18415128320576318,0.061291772815824964
TIPPECANOE,0305,666,0.4396039603960396,0.09980518507417953
TOWN & COUNTRY MANOR,0017,651,0.5078003120124805,0.3276295923502768
TOWN & COUNTRY MANOR,0018,621,0.44676258992805756,0.3125314544539507
TOWN & COUNTRY MANOR,0019,715,0.6121575342465754,0.3598389531957725
TOWN OF LAKE,0302,353,0.25860805860805863,0.060445205479452056
TOWN OF LAKE,0303,1812,0.8158487167942369,0.3102739726027397
TOWN OF LAKE,0304,1573,0.962079510703364,0.26934931506849313
TOWN OF LAKE,0305,659,0.43498349834983496,0.11284246575342466
TOWN OF LAKE,0317,1443,0.8640718562874251,0.24708904109589042
TRIANGLE,0148,21,0.013341804320203304,0.03910614525139665
TRIANGLE,0174,516,0.3465413028878442,0.9608938547486033
TRIANGLE NORTH,0144,356,0.3783209351753454,0.35247524752475246
TRIANGLE NORTH,0148,458,0.2909783989834816,0.4534653465346535
TRIANGLE NORTH,0174,196,0.13163196776359973,0.19405940594059407
TRIPOLI PARK,0018,769,0.5532374100719425,1
UPPER EAST SIDE,0128,1607,0.6456408196062676,0.36079928154467894
UPPER EAST SIDE,0129,1473,0.724188790560472,0.3307139649753031
UPPER EAST SIDE,0131,462,0.20078226857887874,0.1037269869779973
UPPER EAST SIDE,0132,912,0.4019391802556192,0.20475976650202066
UPTOWN,0158,1220,1,0.21165857043719638
UPTOWN,0159,1242,1,0.21547536433032616
UPTOWN,0162,719,1,0.12473976405274115
UPTOWN,0163,432,0.26666666666666666,0.07494795281054822
UPTOWN,0164,6,0.003575685339690107,0.001040943789035392
UPTOWN,0165,1531,0.8302603036876356,0.26561415683553086
UPTOWN,0166,614,1,0.1065232477446218
VALHALLA,0036,10,0.00983284169124877,0.005737234652897304
VALHALLA,0037,656,1,0.3763625932300631
VALHALLA,0040,1028,0.9799809342230696,0.5897877223178428
VALHALLA,0041,49,0.037721324095458045,0.028112449799196786
VALLEY FORGE,0205,179,0.14612244897959184,1
VETERANS AFFAIRS,0213,1,6.006006006006006e-4,1
VOGEL PARK,0036,950,0.9341199606686332,0.7936507936507936
VOGEL PARK,0038,247,0.37537993920972645,0.20634920634920634
WAHL PARK,0067,1217,0.9001479289940828,0.4490774907749078
WAHL PARK,0068,1493,0.6499782324771441,0.5509225092250922
WALKER'S POINT,0228,435,0.31385281385281383,0.08287292817679558
WALKER'S POINT,0232,733,0.6761992619926199,0.13964564678986474
WALKER'S POINT,0233,761,1,0.14497999618975044
WALKER'S POINT,0234,966,0.9757575757575757,0.1840350542960564
WALKER'S POINT,0235,1114,0.9586919104991394,0.21223090112402362
WALKER'S POINT,0236,1240,1,0.23623547342350923
WALNUT HILL,0150,1061,0.6980263157894737,0.5014177693761814
WALNUT HILL,0170,610,0.5187074829931972,0.2882797731568998
WALNUT HILL,0171,445,0.6681681681681682,0.21030245746691872
WASHINGTON HEIGHTS,0157,803,0.6268540202966433,0.09779563999512848
WASHINGTON HEIGHTS,0167,1749,1,0.21300694190719766
WASHINGTON HEIGHTS,0168,3203,1,0.39008646937035685
WASHINGTON HEIGHTS,0203,1273,0.682573726541555,0.15503592741444402
WASHINGTON HEIGHTS,0204,1183,0.7384519350811486,0.14407502131287298
WASHINGTON PARK,0155,1159,0.76,0.26281179138322
WASHINGTON PARK,0156,1126,0.6430611079383209,0.25532879818594106
WASHINGTON PARK,0157,478,0.3731459797033568,0.10839002267573696
WASHINGTON PARK,0169,1647,1,0.373469387755102
WEDGEWOOD,0276,1590,0.6809421841541756,0.9962406015037594
WEDGEWOOD,0277,6,0.0029354207436399216,0.0037593984962406013
WEST VIEW,0271,549,0.2942122186495177,0.5
WEST VIEW,0272,549,0.3327272727272727,0.5
WHISPERING HILLS,0004,33,0.12043795620437957,1
WHITE MANOR,0264,1654,0.7948101874098991,1
WICK FIELD,0203,584,0.3131367292225201,1
WILLIAMSBURG,0118,706,0.45993485342019547,0.29490392648287383
WILLIAMSBURG,0119,1595,0.9993734335839599,0.66624895572264
WILLIAMSBURG,0124,93,0.27927927927927926,0.03884711779448621
WILSON PARK,0305,190,0.1254125412541254,0.08581752484191509
WILSON PARK,0306,309,0.29428571428571426,0.13956639566395665
WILSON PARK,0307,1715,1,0.7746160794941283
WOODLAND COURT,0275,548,0.2718253968253968,1
WYRICK PARK,0013,15,0.015463917525773196,0.0351288056206089
WYRICK PARK,0016,213,0.10607569721115538,0.49882903981264637
WYRICK PARK,0017,198,0.1544461778471139,0.4637002341920375
WYRICK PARK,0019,1,8.561643835616438e-4,0.00234192037470726
YANKEE HILL,0181,2,0.05555555555555555,0.020833333333333332
YANKEE HILL,0184,71,0.7888888888888889,0.7395833333333334
YANKEE HILL,0185,23,0.38333333333333336,0.23958333333333334
